Batch,Command,Start Time,Second,Command Setting,S Partition,E Partition,S Column,E Column,S Row,E Row,Error Message
0,Get_CSV_Partition_Address,22:38:44,0,"Inbox/Master.csv",0,1,0,3,0,0,""
0,Read_CSV,22:38:44,0,"Inbox/Master.csv",1,1,3,3,0,0,""
0,Filter,22:38:44,0.002,"Style(=F)",1,1,3,3,7200,900,""
0,Build_Key_Value,22:38:45,0,"Product, Style => Table(key_value)",1,1,3,3,900,900,""
0,Get_CSV_Partition_Address,22:38:45,0.003,"Inbox/34M_Fact.csv",0,169,0,5,0,0,""
0,Read_CSV,22:38:45,0.184,"Inbox/34M_Fact.csv",100,100,5,5,0,0,""
0,Filter,22:38:45,0.298,"Shop(S77..S78)",100,100,5,5,20235466,443240,""
0,Join_Key_Value,22:38:45,0.019,"Product, Style => Inner(key_value)",100,100,5,6,443240,62000,""
0,Add_Column,22:38:45,0.005,"Quantity, Unit_Price => Multiply(Amount)",100,100,6,7,62000,62000,""
0,Filter,22:38:45,0.003,"Amount:Float(>100000)",100,100,7,7,62000,560,""
0,Append_CSV,22:38:45,0,"Outbox/Peakrs-Detail-Result-34M_Fact.csv",100,1,7,7,560,560,""
0,Group_By,22:38:45,0.004,"Shop, Product => Count() Sum(Quantity) Sum(Amount)",100,1,7,5,560,26,""
1,Read_CSV,22:38:45,0.123,"Inbox/34M_Fact.csv",69,69,5,5,0,0,""
1,Filter,22:38:45,0.19,"Shop(S77..S78)",69,69,5,5,13764534,310268,""
1,Join_Key_Value,22:38:45,0.013,"Product, Style => Inner(key_value)",69,69,5,6,310268,43400,""
1,Add_Column,22:38:45,0.012,"Quantity, Unit_Price => Multiply(Amount)",69,69,6,7,43400,43400,""
1,Filter,22:38:45,0.002,"Amount:Float(>100000)",69,69,7,7,43400,392,""
1,Append_CSV,22:38:45,0,"Outbox/Peakrs-Detail-Result-34M_Fact.csv",69,1,7,7,392,392,""
1,Group_By,22:38:45,0.005,"Shop, Product => Count() Sum(Quantity) Sum(Amount)",69,1,7,5,392,26,""
0,Final_Group_By,22:38:45,0,"Shop, Product => Sum(Count) Sum(Quantity) Sum(Amount)",2,1,5,5,52,26,""
0,Write_CSV,22:38:45,0.001,"Outbox/Peakrs-Summary-Result-34M_Fact.csv",1,1,5,5,26,26,""
