Batch,Command,Start Time,Second,Command Setting,S Partition,E Partition,S Column,E Column,S Row,E Row,Error Message
0,GetCsvPartitionAddress,22:38:45,0.003,"Inbox/Master.csv",0,1,0,3,0,0,""
0,Read_CSV,22:38:45,0,"Inbox/Master.csv",1,1,3,3,0,0,""
0,Filter,22:38:45,0.001,"Style(=F)",1,1,3,3,7200,900,""
0,Build_Key_Value,22:38:45,0.001,"Product, Style => Table(key_value)",1,1,3,3,900,900,""
0,GetCsvPartitionAddress,22:38:45,0.116,"Inbox\34M_Fact.csv",0,169,0,5,0,0,""
0,Read_CSV,22:38:46,0.247,"Inbox\34M_Fact.csv",100,100,5,5,0,0,""
0,Filter,22:38:46,0.297,"Shop(S77..S78)",100,100,5,5,20235466,443240,""
0,JoinKeyValue,22:38:46,0.012,"Product, Style => Inner(key_value)",100,100,5,6,443240,443240,""
0,AddColumn,22:38:46,0.011,"Quantity, Unit_Price => Multiply(Amount)",100,100,6,7,62000,62000,""
0,Filter,22:38:46,0,"Amount:Float(>100000)",100,100,7,7,62000,560,""
0,AppendCsv,22:38:46,0,"Outbox/PeakGo-Detail-Result-34M_Fact.csv",100,1,7,7,560,560,""
0,Group_By,22:38:46,0,"Shop, Product => Count() Sum(Quantity) Sum(Amount)",100,1,7,5,560,26,""
1,Read_CSV,22:38:46,0.124,"Inbox\34M_Fact.csv",69,69,5,5,0,0,""
1,Filter,22:38:46,0.193,"Shop(S77..S78)",69,69,5,5,13764534,310268,""
1,JoinKeyValue,22:38:46,0.014,"Product, Style => Inner(key_value)",69,69,5,6,310268,310268,""
1,AddColumn,22:38:47,0.005,"Quantity, Unit_Price => Multiply(Amount)",69,69,6,7,43400,43400,""
1,Filter,22:38:47,0.001,"Amount:Float(>100000)",69,69,7,7,43400,392,""
1,AppendCsv,22:38:47,0,"Outbox/PeakGo-Detail-Result-34M_Fact.csv",69,1,7,7,392,392,""
1,Group_By,22:38:47,0,"Shop, Product => Count() Sum(Quantity) Sum(Amount)",69,1,7,5,392,26,""
0,Final_Group_By,22:38:47,0,"Shop, Product => Sum(Count) Sum(Quantity) Sum(Amount)",2,1,5,5,52,26,""
0,Write_CSV,22:38:47,0,"Outbox/Peakgo-Summary-Result-34M_Fact.csv",1,1,5,5,26,26,""
