Batch,Command,Start Time,Second,Command Setting,S Partition,E Partition,S Column,E Column,S Row,E Row,Error Message
0,GetCsvPartitionAddress,22:38:10,0.002,"Inbox/Master.csv",0,1,0,3,0,0,""
0,Read_CSV,22:38:10,0.001,"Inbox/Master.csv",1,1,3,3,0,0,""
0,Filter,22:38:10,0.001,"Style(=F)",1,1,3,3,7200,900,""
0,Build_Key_Value,22:38:10,0.001,"Product, Style => Table(key_value)",1,1,3,3,900,900,""
0,GetCsvPartitionAddress,22:38:10,0.077,"Inbox\27M_Fact.csv",0,134,0,5,0,0,""
0,Read_CSV,22:38:11,0.253,"Inbox\27M_Fact.csv",100,100,5,5,0,0,""
0,Filter,22:38:11,0.298,"Shop(S77..S78)",100,100,5,5,20235466,443240,""
0,JoinKeyValue,22:38:11,0.012,"Product, Style => Inner(key_value)",100,100,5,6,443240,443240,""
0,AddColumn,22:38:11,0.006,"Quantity, Unit_Price => Multiply(Amount)",100,100,6,7,62000,62000,""
0,Filter,22:38:11,0,"Amount:Float(>100000)",100,100,7,7,62000,560,""
0,AppendCsv,22:38:11,0,"Outbox/PeakGo-Detail-Result-27M_Fact.csv",100,1,7,7,560,560,""
0,Group_By,22:38:11,0,"Shop, Product => Count() Sum(Quantity) Sum(Amount)",100,1,7,5,560,26,""
1,Read_CSV,22:38:11,0.057,"Inbox\27M_Fact.csv",34,34,5,5,0,0,""
1,Filter,22:38:11,0.1,"Shop(S77..S78)",34,34,5,5,6764534,155134,""
1,JoinKeyValue,22:38:11,0.01,"Product, Style => Inner(key_value)",34,34,5,6,155134,155134,""
1,AddColumn,22:38:11,0,"Quantity, Unit_Price => Multiply(Amount)",34,34,6,7,21700,21700,""
1,Filter,22:38:11,0,"Amount:Float(>100000)",34,34,7,7,21700,196,""
1,AppendCsv,22:38:11,0,"Outbox/PeakGo-Detail-Result-27M_Fact.csv",34,1,7,7,196,196,""
1,Group_By,22:38:11,0,"Shop, Product => Count() Sum(Quantity) Sum(Amount)",34,1,7,5,196,26,""
0,Final_Group_By,22:38:11,0,"Shop, Product => Sum(Count) Sum(Quantity) Sum(Amount)",2,1,5,5,52,26,""
0,Write_CSV,22:38:11,0.01,"Outbox/Peakgo-Summary-Result-27M_Fact.csv",1,1,5,5,26,26,""
