Batch,Command,Start Time,Second,Command Setting,S Partition,E Partition,S Column,E Column,S Row,E Row,Error Message
0,Get_CSV_Partition_Address,22:39:52,0.001,"Inbox/Master.csv",0,1,0,3,0,0,""
0,Read_CSV,22:39:52,0,"Inbox/Master.csv",1,1,3,3,0,0,""
0,Filter,22:39:52,0.001,"Style(=F)",1,1,3,3,7200,900,""
0,Build_Key_Value,22:39:52,0,"Product, Style => Table(key_value)",1,1,3,3,900,900,""
0,Get_CSV_Partition_Address,22:39:52,0.003,"Inbox/44M_Fact.csv",0,218,0,5,0,0,""
0,Read_CSV,22:39:52,0.217,"Inbox/44M_Fact.csv",100,100,5,5,0,0,""
0,Filter,22:39:52,0.313,"Shop(S77..S78)",100,100,5,5,20235466,443240,""
0,Join_Key_Value,22:39:52,0.022,"Product, Style => Inner(key_value)",100,100,5,6,443240,62000,""
0,Add_Column,22:39:52,0.006,"Quantity, Unit_Price => Multiply(Amount)",100,100,6,7,62000,62000,""
0,Filter,22:39:52,0.002,"Amount:Float(>100000)",100,100,7,7,62000,560,""
0,Append_CSV,22:39:52,0,"Outbox/Peakrs-Detail-Result-44M_Fact.csv",100,1,7,7,560,560,""
0,Group_By,22:39:52,0.009,"Shop, Product => Count() Sum(Quantity) Sum(Amount)",100,1,7,5,560,26,""
1,Read_CSV,22:39:53,0.236,"Inbox/44M_Fact.csv",100,100,5,5,0,0,""
1,Filter,22:39:53,0.297,"Shop(S77..S78)",100,100,5,5,20235448,443240,""
1,Join_Key_Value,22:39:53,0.023,"Product, Style => Inner(key_value)",100,100,5,6,443240,62000,""
1,Add_Column,22:39:53,0.017,"Quantity, Unit_Price => Multiply(Amount)",100,100,6,7,62000,62000,""
1,Filter,22:39:53,0.003,"Amount:Float(>100000)",100,100,7,7,62000,560,""
1,Append_CSV,22:39:53,0,"Outbox/Peakrs-Detail-Result-44M_Fact.csv",100,1,7,7,560,560,""
1,Group_By,22:39:53,0.006,"Shop, Product => Count() Sum(Quantity) Sum(Amount)",100,1,7,5,560,26,""
2,Read_CSV,22:39:53,0.043,"Inbox/44M_Fact.csv",18,18,5,5,0,0,""
2,Filter,22:39:53,0.074,"Shop(S77..S78)",18,18,5,5,3529086,88648,""
2,Join_Key_Value,22:39:53,0.008,"Product, Style => Inner(key_value)",18,18,5,6,88648,12400,""
2,Add_Column,22:39:53,0.004,"Quantity, Unit_Price => Multiply(Amount)",18,18,6,7,12400,12400,""
2,Filter,22:39:53,0.001,"Amount:Float(>100000)",18,18,7,7,12400,112,""
2,Append_CSV,22:39:53,0,"Outbox/Peakrs-Detail-Result-44M_Fact.csv",18,1,7,7,112,112,""
2,Group_By,22:39:53,0.005,"Shop, Product => Count() Sum(Quantity) Sum(Amount)",18,1,7,5,112,26,""
0,Final_Group_By,22:39:53,0,"Shop, Product => Sum(Count) Sum(Quantity) Sum(Amount)",3,1,5,5,78,26,""
0,Write_CSV,22:39:53,0.005,"Outbox/Peakrs-Summary-Result-44M_Fact.csv",1,1,5,5,26,26,""
