Batch,Command,Start Time,Second,Command Setting,S Partition,E Partition,S Column,E Column,S Row,E Row,Error Message
0,Get_CSV_Partition_Address,22:37:32,0,"Inbox/Master.csv",0,1,0,3,0,0,""
0,Read_CSV,22:37:32,0,"Inbox/Master.csv",1,1,3,3,0,0,""
0,Filter,22:37:32,0.001,"Style(=F)",1,1,3,3,7200,900,""
0,Build_Key_Value,22:37:32,0,"Product, Style => Table(key_value)",1,1,3,3,900,900,""
0,Get_CSV_Partition_Address,22:37:32,0.006,"Inbox/19M_Fact.csv",0,470,0,5,0,0,""
0,Read_CSV,22:37:32,0.052,"Inbox/19M_Fact.csv",100,100,5,5,0,0,""
0,Filter,22:37:32,0.06,"Shop(S77..S78)",100,100,5,5,4047094,88648,""
0,Join_Key_Value,22:37:32,0.01,"Product, Style => Inner(key_value)",100,100,5,6,88648,12400,""
0,Add_Column,22:37:32,0.007,"Quantity, Unit_Price => Multiply(Amount)",100,100,6,7,12400,12400,""
0,Filter,22:37:32,0.002,"Amount:Float(>100000)",100,100,7,7,12400,112,""
0,Append_CSV,22:37:32,0,"Outbox/Peakrs-Detail-Result-19M_Fact.csv",100,1,7,7,112,112,""
0,Group_By,22:37:32,0.005,"Shop, Product => Count() Sum(Quantity) Sum(Amount)",100,1,7,5,112,26,""
1,Read_CSV,22:37:32,0.041,"Inbox/19M_Fact.csv",100,100,5,5,0,0,""
1,Filter,22:37:32,0.061,"Shop(S77..S78)",100,100,5,5,4047092,88648,""
1,Join_Key_Value,22:37:32,0.012,"Product, Style => Inner(key_value)",100,100,5,6,88648,12400,""
1,Add_Column,22:37:33,0.004,"Quantity, Unit_Price => Multiply(Amount)",100,100,6,7,12400,12400,""
1,Filter,22:37:33,0.003,"Amount:Float(>100000)",100,100,7,7,12400,112,""
1,Append_CSV,22:37:33,0,"Outbox/Peakrs-Detail-Result-19M_Fact.csv",100,1,7,7,112,112,""
1,Group_By,22:37:33,0.008,"Shop, Product => Count() Sum(Quantity) Sum(Amount)",100,1,7,5,112,26,""
2,Read_CSV,22:37:33,0.065,"Inbox/19M_Fact.csv",100,100,5,5,0,0,""
2,Filter,22:37:33,0.078,"Shop(S77..S78)",100,100,5,5,4047095,88648,""
2,Join_Key_Value,22:37:33,0.016,"Product, Style => Inner(key_value)",100,100,5,6,88648,12400,""
2,Add_Column,22:37:33,0.005,"Quantity, Unit_Price => Multiply(Amount)",100,100,6,7,12400,12400,""
2,Filter,22:37:33,0.003,"Amount:Float(>100000)",100,100,7,7,12400,112,""
2,Append_CSV,22:37:33,0,"Outbox/Peakrs-Detail-Result-19M_Fact.csv",100,1,7,7,112,112,""
2,Group_By,22:37:33,0.009,"Shop, Product => Count() Sum(Quantity) Sum(Amount)",100,1,7,5,112,26,""
3,Read_CSV,22:37:33,0.074,"Inbox/19M_Fact.csv",100,100,5,5,0,0,""
3,Filter,22:37:33,0.078,"Shop(S77..S78)",100,100,5,5,4047093,88648,""
3,Join_Key_Value,22:37:33,0.013,"Product, Style => Inner(key_value)",100,100,5,6,88648,12400,""
3,Add_Column,22:37:33,0.003,"Quantity, Unit_Price => Multiply(Amount)",100,100,6,7,12400,12400,""
3,Filter,22:37:33,0.002,"Amount:Float(>100000)",100,100,7,7,12400,112,""
3,Append_CSV,22:37:33,0,"Outbox/Peakrs-Detail-Result-19M_Fact.csv",100,1,7,7,112,112,""
3,Group_By,22:37:33,0.005,"Shop, Product => Count() Sum(Quantity) Sum(Amount)",100,1,7,5,112,26,""
4,Read_CSV,22:37:33,0.055,"Inbox/19M_Fact.csv",70,70,5,5,0,0,""
4,Filter,22:37:33,0.052,"Shop(S77..S78)",70,70,5,5,2811626,66486,""
4,Join_Key_Value,22:37:33,0.011,"Product, Style => Inner(key_value)",70,70,5,6,66486,9300,""
4,Add_Column,22:37:33,0.003,"Quantity, Unit_Price => Multiply(Amount)",70,70,6,7,9300,9300,""
4,Filter,22:37:33,0.002,"Amount:Float(>100000)",70,70,7,7,9300,84,""
4,Append_CSV,22:37:33,0,"Outbox/Peakrs-Detail-Result-19M_Fact.csv",70,1,7,7,84,84,""
4,Group_By,22:37:33,0.006,"Shop, Product => Count() Sum(Quantity) Sum(Amount)",70,1,7,5,84,26,""
0,Final_Group_By,22:37:33,0,"Shop, Product => Sum(Count) Sum(Quantity) Sum(Amount)",5,1,5,5,130,26,""
0,Write_CSV,22:37:33,0.001,"Outbox/Peakrs-Summary-Result-19M_Fact.csv",1,1,5,5,26,26,""
