Batch,Command,Start Time,Second,Command Setting,S Partition,E Partition,S Column,E Column,S Row,E Row,Error Message
0,Get_CSV_Partition_Address,22:38:34,0,"Inbox/Master.csv",0,1,0,3,0,0,""
0,Read_CSV,22:38:34,0,"Inbox/Master.csv",1,1,3,3,0,0,""
0,Filter,22:38:34,0.002,"Style(=F)",1,1,3,3,7200,900,""
0,Build_Key_Value,22:38:34,0.001,"Product, Style => Table(key_value)",1,1,3,3,900,900,""
0,Get_CSV_Partition_Address,22:38:34,0.002,"Inbox/32M_Fact.csv",0,159,0,5,0,0,""
0,Read_CSV,22:38:34,0.187,"Inbox/32M_Fact.csv",100,100,5,5,0,0,""
0,Filter,22:38:34,0.315,"Shop(S77..S78)",100,100,5,5,20235466,443240,""
0,Join_Key_Value,22:38:35,0.02,"Product, Style => Inner(key_value)",100,100,5,6,443240,62000,""
0,Add_Column,22:38:35,0.012,"Quantity, Unit_Price => Multiply(Amount)",100,100,6,7,62000,62000,""
0,Filter,22:38:35,0.003,"Amount:Float(>100000)",100,100,7,7,62000,560,""
0,Append_CSV,22:38:35,0,"Outbox/Peakrs-Detail-Result-32M_Fact.csv",100,1,7,7,560,560,""
0,Group_By,22:38:35,0.007,"Shop, Product => Count() Sum(Quantity) Sum(Amount)",100,1,7,5,560,26,""
1,Read_CSV,22:38:35,0.108,"Inbox/32M_Fact.csv",59,59,5,5,0,0,""
1,Filter,22:38:35,0.173,"Shop(S77..S78)",59,59,5,5,11764534,265944,""
1,Join_Key_Value,22:38:35,0.012,"Product, Style => Inner(key_value)",59,59,5,6,265944,37200,""
1,Add_Column,22:38:35,0.003,"Quantity, Unit_Price => Multiply(Amount)",59,59,6,7,37200,37200,""
1,Filter,22:38:35,0.001,"Amount:Float(>100000)",59,59,7,7,37200,336,""
1,Append_CSV,22:38:35,0,"Outbox/Peakrs-Detail-Result-32M_Fact.csv",59,1,7,7,336,336,""
1,Group_By,22:38:35,0.005,"Shop, Product => Count() Sum(Quantity) Sum(Amount)",59,1,7,5,336,26,""
0,Final_Group_By,22:38:35,0,"Shop, Product => Sum(Count) Sum(Quantity) Sum(Amount)",2,1,5,5,52,26,""
0,Write_CSV,22:38:35,0.005,"Outbox/Peakrs-Summary-Result-32M_Fact.csv",1,1,5,5,26,26,""
