Batch,Command,Start Time,Second,Command Setting,S Partition,E Partition,S Column,E Column,S Row,E Row,Error Message
0,Get_CSV_Partition_Address,22:40:59,0,"Inbox/Master.csv",0,1,0,3,0,0,""
0,Read_CSV,22:40:59,0,"Inbox/Master.csv",1,1,3,3,0,0,""
0,Filter,22:40:59,0.001,"Style(=F)",1,1,3,3,7200,900,""
0,Build_Key_Value,22:40:59,0,"Product, Style => Table(key_value)",1,1,3,3,900,900,""
0,Get_CSV_Partition_Address,22:40:59,0.003,"Inbox/52M_Fact.csv",0,257,0,5,0,0,""
0,Read_CSV,22:40:59,0.214,"Inbox/52M_Fact.csv",100,100,5,5,0,0,""
0,Filter,22:40:59,0.305,"Shop(S77..S78)",100,100,5,5,20235466,443240,""
0,Join_Key_Value,22:40:59,0.02,"Product, Style => Inner(key_value)",100,100,5,6,443240,62000,""
0,Add_Column,22:40:59,0.006,"Quantity, Unit_Price => Multiply(Amount)",100,100,6,7,62000,62000,""
0,Filter,22:40:59,0.003,"Amount:Float(>100000)",100,100,7,7,62000,560,""
0,Append_CSV,22:40:59,0,"Outbox/Peakrs-Detail-Result-52M_Fact.csv",100,1,7,7,560,560,""
0,Group_By,22:40:59,0.006,"Shop, Product => Count() Sum(Quantity) Sum(Amount)",100,1,7,5,560,26,""
1,Read_CSV,22:40:59,0.192,"Inbox/52M_Fact.csv",100,100,5,5,0,0,""
1,Filter,22:41:00,0.292,"Shop(S77..S78)",100,100,5,5,20235448,443240,""
1,Join_Key_Value,22:41:00,0.02,"Product, Style => Inner(key_value)",100,100,5,6,443240,62000,""
1,Add_Column,22:41:00,0.006,"Quantity, Unit_Price => Multiply(Amount)",100,100,6,7,62000,62000,""
1,Filter,22:41:00,0.003,"Amount:Float(>100000)",100,100,7,7,62000,560,""
1,Append_CSV,22:41:00,0,"Outbox/Peakrs-Detail-Result-52M_Fact.csv",100,1,7,7,560,560,""
1,Group_By,22:41:00,0.004,"Shop, Product => Count() Sum(Quantity) Sum(Amount)",100,1,7,5,560,26,""
2,Read_CSV,22:41:00,0.101,"Inbox/52M_Fact.csv",57,57,5,5,0,0,""
2,Filter,22:41:00,0.164,"Shop(S77..S78)",57,57,5,5,11529086,265944,""
2,Join_Key_Value,22:41:00,0.01,"Product, Style => Inner(key_value)",57,57,5,6,265944,37200,""
2,Add_Column,22:41:00,0.014,"Quantity, Unit_Price => Multiply(Amount)",57,57,6,7,37200,37200,""
2,Filter,22:41:00,0.001,"Amount:Float(>100000)",57,57,7,7,37200,336,""
2,Append_CSV,22:41:00,0,"Outbox/Peakrs-Detail-Result-52M_Fact.csv",57,1,7,7,336,336,""
2,Group_By,22:41:00,0.004,"Shop, Product => Count() Sum(Quantity) Sum(Amount)",57,1,7,5,336,26,""
0,Final_Group_By,22:41:00,0,"Shop, Product => Sum(Count) Sum(Quantity) Sum(Amount)",3,1,5,5,78,26,""
0,Write_CSV,22:41:00,0.005,"Outbox/Peakrs-Summary-Result-52M_Fact.csv",1,1,5,5,26,26,""
