Batch,Command,Start Time,Second,Command Setting,S Partition,E Partition,S Column,E Column,S Row,E Row,Error Message
0,Get_CSV_Partition_Address,23:17:24,0.002,"Inbox/Master.csv",0,1,0,3,0,0,""
0,Read_CSV,23:17:24,0,"Inbox/Master.csv",1,1,3,3,0,0,""
0,Filter,23:17:24,0.002,"Style(=F)",1,1,3,3,7200,900,""
0,Build_Key_Value,23:17:24,0.001,"Product, Style => Table(key_value)",1,1,3,3,900,900,""
0,Get_CSV_Partition_Address,23:17:24,0.008,"Inbox/13M_Fact.csv",0,322,0,5,0,0,""
0,Read_CSV,23:17:24,0.05,"Inbox/13M_Fact.csv",100,100,5,5,0,0,""
0,Filter,23:17:24,0.178,"Shop(S77..S78)",100,100,5,5,4047094,88648,""
0,Join_Key_Value,23:17:25,0.023,"Product, Style => Inner(key_value)",100,100,5,6,88648,12400,""
0,Add_Column,23:17:25,0.01,"Quantity, Unit_Price => Multiply(Amount)",100,100,6,7,12400,12400,""
0,Filter,23:17:25,0.002,"Amount:Float(>100000)",100,100,7,7,12400,112,""
0,Append_CSV,23:17:25,0,"Outbox/Peakrs-Detail-Result-13M_Fact.csv",100,1,7,7,112,112,""
0,Group_By,23:17:25,0.005,"Shop, Product => Count() Sum(Quantity) Sum(Amount)",100,1,7,5,112,26,""
1,Read_CSV,23:17:25,0.054,"Inbox/13M_Fact.csv",100,100,5,5,0,0,""
1,Filter,23:17:25,0.169,"Shop(S77..S78)",100,100,5,5,4047092,88648,""
1,Join_Key_Value,23:17:25,0.022,"Product, Style => Inner(key_value)",100,100,5,6,88648,12400,""
1,Add_Column,23:17:25,0.004,"Quantity, Unit_Price => Multiply(Amount)",100,100,6,7,12400,12400,""
1,Filter,23:17:25,0.001,"Amount:Float(>100000)",100,100,7,7,12400,112,""
1,Append_CSV,23:17:25,0,"Outbox/Peakrs-Detail-Result-13M_Fact.csv",100,1,7,7,112,112,""
1,Group_By,23:17:25,0.004,"Shop, Product => Count() Sum(Quantity) Sum(Amount)",100,1,7,5,112,26,""
2,Read_CSV,23:17:25,0.054,"Inbox/13M_Fact.csv",100,100,5,5,0,0,""
2,Filter,23:17:25,0.154,"Shop(S77..S78)",100,100,5,5,4047095,88648,""
2,Join_Key_Value,23:17:25,0.017,"Product, Style => Inner(key_value)",100,100,5,6,88648,12400,""
2,Add_Column,23:17:25,0.003,"Quantity, Unit_Price => Multiply(Amount)",100,100,6,7,12400,12400,""
2,Filter,23:17:25,0.001,"Amount:Float(>100000)",100,100,7,7,12400,112,""
2,Append_CSV,23:17:25,0,"Outbox/Peakrs-Detail-Result-13M_Fact.csv",100,1,7,7,112,112,""
2,Group_By,23:17:25,0.005,"Shop, Product => Count() Sum(Quantity) Sum(Amount)",100,1,7,5,112,26,""
3,Read_CSV,23:17:25,0.01,"Inbox/13M_Fact.csv",22,22,5,5,0,0,""
3,Filter,23:17:25,0.047,"Shop(S77..S78)",22,22,5,5,858719,22162,""
3,Join_Key_Value,23:17:25,0.005,"Product, Style => Inner(key_value)",22,22,5,6,22162,3100,""
3,Add_Column,23:17:25,0.001,"Quantity, Unit_Price => Multiply(Amount)",22,22,6,7,3100,3100,""
3,Filter,23:17:25,0,"Amount:Float(>100000)",22,22,7,7,3100,28,""
3,Append_CSV,23:17:25,0,"Outbox/Peakrs-Detail-Result-13M_Fact.csv",22,1,7,7,28,28,""
3,Group_By,23:17:25,0.003,"Shop, Product => Count() Sum(Quantity) Sum(Amount)",22,1,7,5,28,26,""
0,Final_Group_By,23:17:25,0,"Shop, Product => Sum(Count) Sum(Quantity) Sum(Amount)",4,1,5,5,104,26,""
0,Write_CSV,23:17:25,0,"Outbox/Peakrs-Summary-Result-13M_Fact.csv",1,1,5,5,26,26,""
