Batch,Command,Start Time,Second,Command Setting,S Partition,E Partition,S Column,E Column,S Row,E Row,Error Message
0,GetCsvPartitionAddress,23:26:42,0.003,"Inbox/Master.csv",0,1,0,3,0,0,""
0,Read_CSV,23:26:42,0,"Inbox/Master.csv",1,1,3,3,0,0,""
0,Filter,23:26:42,0.001,"Style(=F)",1,1,3,3,7200,900,""
0,Build_Key_Value,23:26:42,0.001,"Product, Style => Table(key_value)",1,1,3,3,900,900,""
0,GetCsvPartitionAddress,23:26:42,0.313,"Inbox\61M_Fact.csv",0,302,0,5,0,0,""
0,Read_CSV,23:26:42,0.316,"Inbox\61M_Fact.csv",100,100,5,5,0,0,""
0,Filter,23:26:42,0.956,"Shop(S77..S78)",100,100,5,5,20235466,443240,""
0,JoinKeyValue,23:26:43,0.046,"Product, Style => Inner(key_value)",100,100,5,6,443240,443240,""
0,AddColumn,23:26:43,0.013,"Quantity, Unit_Price => Multiply(Amount)",100,100,6,7,62000,62000,""
0,Filter,23:26:43,0,"Amount:Float(>100000)",100,100,7,7,62000,560,""
0,AppendCsv,23:26:43,0.01,"Outbox/PeakGo-Detail-Result-61M_Fact.csv",100,1,7,7,560,560,""
0,Group_By,23:26:43,0,"Shop, Product => Count() Sum(Quantity) Sum(Amount)",100,1,7,5,560,26,""
1,Read_CSV,23:26:43,0.154,"Inbox\61M_Fact.csv",100,100,5,5,0,0,""
1,Filter,23:26:44,0.871,"Shop(S77..S78)",100,100,5,5,20235448,443240,""
1,JoinKeyValue,23:26:45,0.037,"Product, Style => Inner(key_value)",100,100,5,6,443240,443240,""
1,AddColumn,23:26:45,0.007,"Quantity, Unit_Price => Multiply(Amount)",100,100,6,7,62000,62000,""
1,Filter,23:26:45,0.016,"Amount:Float(>100000)",100,100,7,7,62000,560,""
1,AppendCsv,23:26:45,0,"Outbox/PeakGo-Detail-Result-61M_Fact.csv",100,1,7,7,560,560,""
1,Group_By,23:26:45,0.003,"Shop, Product => Count() Sum(Quantity) Sum(Amount)",100,1,7,5,560,26,""
2,Read_CSV,23:26:45,0.183,"Inbox\61M_Fact.csv",100,100,5,5,0,0,""
2,Filter,23:26:45,0.851,"Shop(S77..S78)",100,100,5,5,20235448,443240,""
2,JoinKeyValue,23:26:46,0.036,"Product, Style => Inner(key_value)",100,100,5,6,443240,443240,""
2,AddColumn,23:26:46,0.015,"Quantity, Unit_Price => Multiply(Amount)",100,100,6,7,62000,62000,""
2,Filter,23:26:46,0,"Amount:Float(>100000)",100,100,7,7,62000,560,""
2,AppendCsv,23:26:46,0.01,"Outbox/PeakGo-Detail-Result-61M_Fact.csv",100,1,7,7,560,560,""
2,Group_By,23:26:46,0,"Shop, Product => Count() Sum(Quantity) Sum(Amount)",100,1,7,5,560,26,""
3,Read_CSV,23:26:46,0,"Inbox\61M_Fact.csv",2,2,5,5,0,0,""
3,Filter,23:26:46,0.04,"Shop(S77..S78)",2,2,5,5,293638,22162,""
3,JoinKeyValue,23:26:46,0,"Product, Style => Inner(key_value)",2,2,5,6,22162,22162,""
3,AddColumn,23:26:46,0,"Quantity, Unit_Price => Multiply(Amount)",2,2,6,7,3100,3100,""
3,Filter,23:26:46,0,"Amount:Float(>100000)",2,2,7,7,3100,28,""
3,AppendCsv,23:26:46,0,"Outbox/PeakGo-Detail-Result-61M_Fact.csv",2,1,7,7,28,28,""
3,Group_By,23:26:46,0,"Shop, Product => Count() Sum(Quantity) Sum(Amount)",2,1,7,5,28,26,""
0,Final_Group_By,23:26:46,0,"Shop, Product => Sum(Count) Sum(Quantity) Sum(Amount)",4,1,5,5,104,26,""
0,Write_CSV,23:26:46,0.01,"Outbox/Peakgo-Summary-Result-61M_Fact.csv",1,1,5,5,26,26,""
