Batch,Command,Start Time,Second,Command Setting,S Partition,E Partition,S Column,E Column,S Row,E Row,Error Message
0,GetCsvPartitionAddress,23:17:48,0.003,"Inbox/Master.csv",0,1,0,3,0,0,""
0,Read_CSV,23:17:48,0,"Inbox/Master.csv",1,1,3,3,0,0,""
0,Filter,23:17:48,0.001,"Style(=F)",1,1,3,3,7200,900,""
0,Build_Key_Value,23:17:48,0.001,"Product, Style => Table(key_value)",1,1,3,3,900,900,""
0,GetCsvPartitionAddress,23:17:48,0.406,"Inbox\17M_Fact.csv",0,421,0,5,0,0,""
0,Read_CSV,23:17:49,0.076,"Inbox\17M_Fact.csv",100,100,5,5,0,0,""
0,Filter,23:17:49,0.211,"Shop(S77..S78)",100,100,5,5,4047094,88648,""
0,JoinKeyValue,23:17:49,0.022,"Product, Style => Inner(key_value)",100,100,5,6,88648,88648,""
0,AddColumn,23:17:49,0.003,"Quantity, Unit_Price => Multiply(Amount)",100,100,6,7,12400,12400,""
0,Filter,23:17:49,0.002,"Amount:Float(>100000)",100,100,7,7,12400,112,""
0,AppendCsv,23:17:49,0.011,"Outbox/PeakGo-Detail-Result-17M_Fact.csv",100,1,7,7,112,112,""
0,Group_By,23:17:49,0.006,"Shop, Product => Count() Sum(Quantity) Sum(Amount)",100,1,7,5,112,26,""
1,Read_CSV,23:17:49,0.034,"Inbox\17M_Fact.csv",100,100,5,5,0,0,""
1,Filter,23:17:49,0.191,"Shop(S77..S78)",100,100,5,5,4047092,88648,""
1,JoinKeyValue,23:17:49,0.011,"Product, Style => Inner(key_value)",100,100,5,6,88648,88648,""
1,AddColumn,23:17:49,0.003,"Quantity, Unit_Price => Multiply(Amount)",100,100,6,7,12400,12400,""
1,Filter,23:17:49,0.002,"Amount:Float(>100000)",100,100,7,7,12400,112,""
1,AppendCsv,23:17:49,0,"Outbox/PeakGo-Detail-Result-17M_Fact.csv",100,1,7,7,112,112,""
1,Group_By,23:17:49,0.001,"Shop, Product => Count() Sum(Quantity) Sum(Amount)",100,1,7,5,112,26,""
2,Read_CSV,23:17:49,0.037,"Inbox\17M_Fact.csv",100,100,5,5,0,0,""
2,Filter,23:17:49,0.177,"Shop(S77..S78)",100,100,5,5,4047095,88648,""
2,JoinKeyValue,23:17:49,0.018,"Product, Style => Inner(key_value)",100,100,5,6,88648,88648,""
2,AddColumn,23:17:49,0.003,"Quantity, Unit_Price => Multiply(Amount)",100,100,6,7,12400,12400,""
2,Filter,23:17:49,0,"Amount:Float(>100000)",100,100,7,7,12400,112,""
2,AppendCsv,23:17:49,0,"Outbox/PeakGo-Detail-Result-17M_Fact.csv",100,1,7,7,112,112,""
2,Group_By,23:17:49,0,"Shop, Product => Count() Sum(Quantity) Sum(Amount)",100,1,7,5,112,26,""
3,Read_CSV,23:17:49,0.037,"Inbox\17M_Fact.csv",100,100,5,5,0,0,""
3,Filter,23:17:49,0.178,"Shop(S77..S78)",100,100,5,5,4047093,88648,""
3,JoinKeyValue,23:17:50,0.018,"Product, Style => Inner(key_value)",100,100,5,6,88648,88648,""
3,AddColumn,23:17:50,0.005,"Quantity, Unit_Price => Multiply(Amount)",100,100,6,7,12400,12400,""
3,Filter,23:17:50,0,"Amount:Float(>100000)",100,100,7,7,12400,112,""
3,AppendCsv,23:17:50,0,"Outbox/PeakGo-Detail-Result-17M_Fact.csv",100,1,7,7,112,112,""
3,Group_By,23:17:50,0,"Shop, Product => Count() Sum(Quantity) Sum(Amount)",100,1,7,5,112,26,""
4,Read_CSV,23:17:50,0.006,"Inbox\17M_Fact.csv",21,21,5,5,0,0,""
4,Filter,23:17:50,0.048,"Shop(S77..S78)",21,21,5,5,811626,22162,""
4,JoinKeyValue,23:17:50,0.003,"Product, Style => Inner(key_value)",21,21,5,6,22162,22162,""
4,AddColumn,23:17:50,0.001,"Quantity, Unit_Price => Multiply(Amount)",21,21,6,7,3100,3100,""
4,Filter,23:17:50,0.002,"Amount:Float(>100000)",21,21,7,7,3100,28,""
4,AppendCsv,23:17:50,0,"Outbox/PeakGo-Detail-Result-17M_Fact.csv",21,1,7,7,28,28,""
4,Group_By,23:17:50,0,"Shop, Product => Count() Sum(Quantity) Sum(Amount)",21,1,7,5,28,26,""
0,Final_Group_By,23:17:50,0,"Shop, Product => Sum(Count) Sum(Quantity) Sum(Amount)",5,1,5,5,130,26,""
0,Write_CSV,23:17:50,0,"Outbox/Peakgo-Summary-Result-17M_Fact.csv",1,1,5,5,26,26,""
