Batch,Command,Start Time,Second,Command Setting,S Partition,E Partition,S Column,E Column,S Row,E Row,Error Message
0,GetCsvPartitionAddress,23:30:01,0.003,"Inbox/Master.csv",0,1,0,3,0,0,""
0,Read_CSV,23:30:01,0,"Inbox/Master.csv",1,1,3,3,0,0,""
0,Filter,23:30:01,0.001,"Style(=F)",1,1,3,3,7200,900,""
0,Build_Key_Value,23:30:01,0.002,"Product, Style => Table(key_value)",1,1,3,3,900,900,""
0,GetCsvPartitionAddress,23:30:01,0.334,"Inbox\71M_Fact.csv",0,351,0,5,0,0,""
0,Read_CSV,23:30:01,0.346,"Inbox\71M_Fact.csv",100,100,5,5,0,0,""
0,Filter,23:30:01,1.003,"Shop(S77..S78)",100,100,5,5,20235466,443240,""
0,JoinKeyValue,23:30:02,0.036,"Product, Style => Inner(key_value)",100,100,5,6,443240,443240,""
0,AddColumn,23:30:02,0.01,"Quantity, Unit_Price => Multiply(Amount)",100,100,6,7,62000,62000,""
0,Filter,23:30:02,0.016,"Amount:Float(>100000)",100,100,7,7,62000,560,""
0,AppendCsv,23:30:02,0,"Outbox/PeakGo-Detail-Result-71M_Fact.csv",100,1,7,7,560,560,""
0,Group_By,23:30:02,0.006,"Shop, Product => Count() Sum(Quantity) Sum(Amount)",100,1,7,5,560,26,""
1,Read_CSV,23:30:02,0.189,"Inbox\71M_Fact.csv",100,100,5,5,0,0,""
1,Filter,23:30:03,0.879,"Shop(S77..S78)",100,100,5,5,20235448,443240,""
1,JoinKeyValue,23:30:03,0.037,"Product, Style => Inner(key_value)",100,100,5,6,443240,443240,""
1,AddColumn,23:30:04,0.01,"Quantity, Unit_Price => Multiply(Amount)",100,100,6,7,62000,62000,""
1,Filter,23:30:04,0.017,"Amount:Float(>100000)",100,100,7,7,62000,560,""
1,AppendCsv,23:30:04,0,"Outbox/PeakGo-Detail-Result-71M_Fact.csv",100,1,7,7,560,560,""
1,Group_By,23:30:04,0,"Shop, Product => Count() Sum(Quantity) Sum(Amount)",100,1,7,5,560,26,""
2,Read_CSV,23:30:04,0.245,"Inbox\71M_Fact.csv",100,100,5,5,0,0,""
2,Filter,23:30:04,0.879,"Shop(S77..S78)",100,100,5,5,20235448,443240,""
2,JoinKeyValue,23:30:05,0.035,"Product, Style => Inner(key_value)",100,100,5,6,443240,443240,""
2,AddColumn,23:30:05,0.01,"Quantity, Unit_Price => Multiply(Amount)",100,100,6,7,62000,62000,""
2,Filter,23:30:05,0,"Amount:Float(>100000)",100,100,7,7,62000,560,""
2,AppendCsv,23:30:05,0,"Outbox/PeakGo-Detail-Result-71M_Fact.csv",100,1,7,7,560,560,""
2,Group_By,23:30:05,0,"Shop, Product => Count() Sum(Quantity) Sum(Amount)",100,1,7,5,560,26,""
3,Read_CSV,23:30:05,0.152,"Inbox\71M_Fact.csv",51,51,5,5,0,0,""
3,Filter,23:30:05,0.491,"Shop(S77..S78)",51,51,5,5,10293638,243782,""
3,JoinKeyValue,23:30:05,0.026,"Product, Style => Inner(key_value)",51,51,5,6,243782,243782,""
3,AddColumn,23:30:05,0.011,"Quantity, Unit_Price => Multiply(Amount)",51,51,6,7,34100,34100,""
3,Filter,23:30:05,0,"Amount:Float(>100000)",51,51,7,7,34100,308,""
3,AppendCsv,23:30:05,0,"Outbox/PeakGo-Detail-Result-71M_Fact.csv",51,1,7,7,308,308,""
3,Group_By,23:30:05,0,"Shop, Product => Count() Sum(Quantity) Sum(Amount)",51,1,7,5,308,26,""
0,Final_Group_By,23:30:05,0,"Shop, Product => Sum(Count) Sum(Quantity) Sum(Amount)",4,1,5,5,104,26,""
0,Write_CSV,23:30:05,0.01,"Outbox/Peakgo-Summary-Result-71M_Fact.csv",1,1,5,5,26,26,""
