Batch,Command,Start Time,Second,Command Setting,S Partition,E Partition,S Column,E Column,S Row,E Row,Error Message
0,GetCsvPartitionAddress,22:41:37,0.002,"Inbox/Master.csv",0,1,0,3,0,0,""
0,Read_CSV,22:41:37,0,"Inbox/Master.csv",1,1,3,3,0,0,""
0,Filter,22:41:37,0.001,"Style(=F)",1,1,3,3,7200,900,""
0,Build_Key_Value,22:41:37,0.001,"Product, Style => Table(key_value)",1,1,3,3,900,900,""
0,GetCsvPartitionAddress,22:41:37,0.176,"Inbox\56M_Fact.csv",0,277,0,5,0,0,""
0,Read_CSV,22:41:37,0.24,"Inbox\56M_Fact.csv",100,100,5,5,0,0,""
0,Filter,22:41:37,0.336,"Shop(S77..S78)",100,100,5,5,20235466,443240,""
0,JoinKeyValue,22:41:37,0.012,"Product, Style => Inner(key_value)",100,100,5,6,443240,443240,""
0,AddColumn,22:41:37,0.015,"Quantity, Unit_Price => Multiply(Amount)",100,100,6,7,62000,62000,""
0,Filter,22:41:37,0.004,"Amount:Float(>100000)",100,100,7,7,62000,560,""
0,AppendCsv,22:41:37,0,"Outbox/PeakGo-Detail-Result-56M_Fact.csv",100,1,7,7,560,560,""
0,Group_By,22:41:37,0.002,"Shop, Product => Count() Sum(Quantity) Sum(Amount)",100,1,7,5,560,26,""
1,Read_CSV,22:41:37,0.212,"Inbox\56M_Fact.csv",100,100,5,5,0,0,""
1,Filter,22:41:38,0.27,"Shop(S77..S78)",100,100,5,5,20235448,443240,""
1,JoinKeyValue,22:41:38,0.012,"Product, Style => Inner(key_value)",100,100,5,6,443240,443240,""
1,AddColumn,22:41:38,0.006,"Quantity, Unit_Price => Multiply(Amount)",100,100,6,7,62000,62000,""
1,Filter,22:41:38,0.004,"Amount:Float(>100000)",100,100,7,7,62000,560,""
1,AppendCsv,22:41:38,0,"Outbox/PeakGo-Detail-Result-56M_Fact.csv",100,1,7,7,560,560,""
1,Group_By,22:41:38,0,"Shop, Product => Count() Sum(Quantity) Sum(Amount)",100,1,7,5,560,26,""
2,Read_CSV,22:41:38,0.099,"Inbox\56M_Fact.csv",77,77,5,5,0,0,""
2,Filter,22:41:38,0.219,"Shop(S77..S78)",77,77,5,5,15529086,354592,""
2,JoinKeyValue,22:41:38,0.011,"Product, Style => Inner(key_value)",77,77,5,6,354592,354592,""
2,AddColumn,22:41:38,0.005,"Quantity, Unit_Price => Multiply(Amount)",77,77,6,7,49600,49600,""
2,Filter,22:41:38,0,"Amount:Float(>100000)",77,77,7,7,49600,448,""
2,AppendCsv,22:41:38,0,"Outbox/PeakGo-Detail-Result-56M_Fact.csv",77,1,7,7,448,448,""
2,Group_By,22:41:38,0,"Shop, Product => Count() Sum(Quantity) Sum(Amount)",77,1,7,5,448,26,""
0,Final_Group_By,22:41:38,0,"Shop, Product => Sum(Count) Sum(Quantity) Sum(Amount)",3,1,5,5,78,26,""
0,Write_CSV,22:41:38,0.005,"Outbox/Peakgo-Summary-Result-56M_Fact.csv",1,1,5,5,26,26,""
