Batch,Command,Start Time,Second,Command Setting,S Partition,E Partition,S Column,E Column,S Row,E Row,Error Message
0,Get_CSV_Partition_Address,22:39:37,0,"Inbox/Master.csv",0,1,0,3,0,0,""
0,Read_CSV,22:39:37,0,"Inbox/Master.csv",1,1,3,3,0,0,""
0,Filter,22:39:37,0.001,"Style(=F)",1,1,3,3,7200,900,""
0,Build_Key_Value,22:39:37,0.001,"Product, Style => Table(key_value)",1,1,3,3,900,900,""
0,Get_CSV_Partition_Address,22:39:37,0.004,"Inbox/42M_Fact.csv",0,208,0,5,0,0,""
0,Read_CSV,22:39:37,0.186,"Inbox/42M_Fact.csv",100,100,5,5,0,0,""
0,Filter,22:39:37,0.304,"Shop(S77..S78)",100,100,5,5,20235466,443240,""
0,Join_Key_Value,22:39:37,0.021,"Product, Style => Inner(key_value)",100,100,5,6,443240,62000,""
0,Add_Column,22:39:37,0.006,"Quantity, Unit_Price => Multiply(Amount)",100,100,6,7,62000,62000,""
0,Filter,22:39:37,0.003,"Amount:Float(>100000)",100,100,7,7,62000,560,""
0,Append_CSV,22:39:37,0,"Outbox/Peakrs-Detail-Result-42M_Fact.csv",100,1,7,7,560,560,""
0,Group_By,22:39:37,0.007,"Shop, Product => Count() Sum(Quantity) Sum(Amount)",100,1,7,5,560,26,""
1,Read_CSV,22:39:37,0.186,"Inbox/42M_Fact.csv",100,100,5,5,0,0,""
1,Filter,22:39:38,0.307,"Shop(S77..S78)",100,100,5,5,20235448,443240,""
1,Join_Key_Value,22:39:38,0.019,"Product, Style => Inner(key_value)",100,100,5,6,443240,62000,""
1,Add_Column,22:39:38,0.005,"Quantity, Unit_Price => Multiply(Amount)",100,100,6,7,62000,62000,""
1,Filter,22:39:38,0.004,"Amount:Float(>100000)",100,100,7,7,62000,560,""
1,Append_CSV,22:39:38,0,"Outbox/Peakrs-Detail-Result-42M_Fact.csv",100,1,7,7,560,560,""
1,Group_By,22:39:38,0.007,"Shop, Product => Count() Sum(Quantity) Sum(Amount)",100,1,7,5,560,26,""
2,Read_CSV,22:39:38,0.014,"Inbox/42M_Fact.csv",8,8,5,5,0,0,""
2,Filter,22:39:38,0.034,"Shop(S77..S78)",8,8,5,5,1529086,44324,""
2,Join_Key_Value,22:39:38,0.004,"Product, Style => Inner(key_value)",8,8,5,6,44324,6200,""
2,Add_Column,22:39:38,0.001,"Quantity, Unit_Price => Multiply(Amount)",8,8,6,7,6200,6200,""
2,Filter,22:39:38,0.001,"Amount:Float(>100000)",8,8,7,7,6200,56,""
2,Append_CSV,22:39:38,0,"Outbox/Peakrs-Detail-Result-42M_Fact.csv",8,1,7,7,56,56,""
2,Group_By,22:39:38,0.003,"Shop, Product => Count() Sum(Quantity) Sum(Amount)",8,1,7,5,56,26,""
0,Final_Group_By,22:39:38,0,"Shop, Product => Sum(Count) Sum(Quantity) Sum(Amount)",3,1,5,5,78,26,""
0,Write_CSV,22:39:38,0.001,"Outbox/Peakrs-Summary-Result-42M_Fact.csv",1,1,5,5,26,26,""
