Batch,Command,Start Time,Second,Command Setting,S Partition,E Partition,S Column,E Column,S Row,E Row,Error Message
0,GetCsvPartitionAddress,23:21:09,0.003,"Inbox/Master.csv",0,1,0,3,0,0,""
0,Read_CSV,23:21:09,0.001,"Inbox/Master.csv",1,1,3,3,0,0,""
0,Filter,23:21:09,0.001,"Style(=F)",1,1,3,3,7200,900,""
0,Build_Key_Value,23:21:09,0.002,"Product, Style => Table(key_value)",1,1,3,3,900,900,""
0,GetCsvPartitionAddress,23:21:09,0.184,"Inbox\39M_Fact.csv",0,193,0,5,0,0,""
0,Read_CSV,23:21:09,0.309,"Inbox\39M_Fact.csv",100,100,5,5,0,0,""
0,Filter,23:21:10,1.041,"Shop(S77..S78)",100,100,5,5,20235466,443240,""
0,JoinKeyValue,23:21:11,0.039,"Product, Style => Inner(key_value)",100,100,5,6,443240,443240,""
0,AddColumn,23:21:11,0.013,"Quantity, Unit_Price => Multiply(Amount)",100,100,6,7,62000,62000,""
0,Filter,23:21:11,0.008,"Amount:Float(>100000)",100,100,7,7,62000,560,""
0,AppendCsv,23:21:11,0,"Outbox/PeakGo-Detail-Result-39M_Fact.csv",100,1,7,7,560,560,""
0,Group_By,23:21:11,0,"Shop, Product => Count() Sum(Quantity) Sum(Amount)",100,1,7,5,560,26,""
1,Read_CSV,23:21:11,0.177,"Inbox\39M_Fact.csv",93,93,5,5,0,0,""
1,Filter,23:21:11,0.753,"Shop(S77..S78)",93,93,5,5,18764534,421078,""
1,JoinKeyValue,23:21:12,0.038,"Product, Style => Inner(key_value)",93,93,5,6,421078,421078,""
1,AddColumn,23:21:12,0.018,"Quantity, Unit_Price => Multiply(Amount)",93,93,6,7,58900,58900,""
1,Filter,23:21:12,0.006,"Amount:Float(>100000)",93,93,7,7,58900,532,""
1,AppendCsv,23:21:12,0,"Outbox/PeakGo-Detail-Result-39M_Fact.csv",93,1,7,7,532,532,""
1,Group_By,23:21:12,0,"Shop, Product => Count() Sum(Quantity) Sum(Amount)",93,1,7,5,532,26,""
0,Final_Group_By,23:21:12,0,"Shop, Product => Sum(Count) Sum(Quantity) Sum(Amount)",2,1,5,5,52,26,""
0,Write_CSV,23:21:12,0,"Outbox/Peakgo-Summary-Result-39M_Fact.csv",1,1,5,5,26,26,""
