Batch,Command,Start Time,Second,Command Setting,S Partition,E Partition,S Column,E Column,S Row,E Row,Error Message
0,Get_CSV_Partition_Address,22:41:17,0,"Inbox/Master.csv",0,1,0,3,0,0,""
0,Read_CSV,22:41:17,0,"Inbox/Master.csv",1,1,3,3,0,0,""
0,Filter,22:41:17,0.001,"Style(=F)",1,1,3,3,7200,900,""
0,Build_Key_Value,22:41:17,0.003,"Product, Style => Table(key_value)",1,1,3,3,900,900,""
0,Get_CSV_Partition_Address,22:41:17,0.006,"Inbox/54M_Fact.csv",0,267,0,5,0,0,""
0,Read_CSV,22:41:17,0.212,"Inbox/54M_Fact.csv",100,100,5,5,0,0,""
0,Filter,22:41:17,0.311,"Shop(S77..S78)",100,100,5,5,20235466,443240,""
0,Join_Key_Value,22:41:18,0.02,"Product, Style => Inner(key_value)",100,100,5,6,443240,62000,""
0,Add_Column,22:41:18,0.014,"Quantity, Unit_Price => Multiply(Amount)",100,100,6,7,62000,62000,""
0,Filter,22:41:18,0.003,"Amount:Float(>100000)",100,100,7,7,62000,560,""
0,Append_CSV,22:41:18,0,"Outbox/Peakrs-Detail-Result-54M_Fact.csv",100,1,7,7,560,560,""
0,Group_By,22:41:18,0.006,"Shop, Product => Count() Sum(Quantity) Sum(Amount)",100,1,7,5,560,26,""
1,Read_CSV,22:41:18,0.199,"Inbox/54M_Fact.csv",100,100,5,5,0,0,""
1,Filter,22:41:18,0.315,"Shop(S77..S78)",100,100,5,5,20235448,443240,""
1,Join_Key_Value,22:41:18,0.019,"Product, Style => Inner(key_value)",100,100,5,6,443240,62000,""
1,Add_Column,22:41:18,0.032,"Quantity, Unit_Price => Multiply(Amount)",100,100,6,7,62000,62000,""
1,Filter,22:41:18,0.003,"Amount:Float(>100000)",100,100,7,7,62000,560,""
1,Append_CSV,22:41:18,0,"Outbox/Peakrs-Detail-Result-54M_Fact.csv",100,1,7,7,560,560,""
1,Group_By,22:41:18,0.006,"Shop, Product => Count() Sum(Quantity) Sum(Amount)",100,1,7,5,560,26,""
2,Read_CSV,22:41:18,0.117,"Inbox/54M_Fact.csv",67,67,5,5,0,0,""
2,Filter,22:41:18,0.195,"Shop(S77..S78)",67,67,5,5,13529086,310268,""
2,Join_Key_Value,22:41:19,0.013,"Product, Style => Inner(key_value)",67,67,5,6,310268,43400,""
2,Add_Column,22:41:19,0.018,"Quantity, Unit_Price => Multiply(Amount)",67,67,6,7,43400,43400,""
2,Filter,22:41:19,0.001,"Amount:Float(>100000)",67,67,7,7,43400,392,""
2,Append_CSV,22:41:19,0,"Outbox/Peakrs-Detail-Result-54M_Fact.csv",67,1,7,7,392,392,""
2,Group_By,22:41:19,0.005,"Shop, Product => Count() Sum(Quantity) Sum(Amount)",67,1,7,5,392,26,""
0,Final_Group_By,22:41:19,0,"Shop, Product => Sum(Count) Sum(Quantity) Sum(Amount)",3,1,5,5,78,26,""
0,Write_CSV,22:41:19,0.001,"Outbox/Peakrs-Summary-Result-54M_Fact.csv",1,1,5,5,26,26,""
