Batch,Command,Start Time,Second,Command Setting,S Partition,E Partition,S Column,E Column,S Row,E Row,Error Message
0,GetCsvPartitionAddress,22:41:28,0.002,"Inbox/Master.csv",0,1,0,3,0,0,""
0,Read_CSV,22:41:28,0.001,"Inbox/Master.csv",1,1,3,3,0,0,""
0,Filter,22:41:28,0.001,"Style(=F)",1,1,3,3,7200,900,""
0,Build_Key_Value,22:41:28,0.001,"Product, Style => Table(key_value)",1,1,3,3,900,900,""
0,GetCsvPartitionAddress,22:41:28,0.156,"Inbox\55M_Fact.csv",0,272,0,5,0,0,""
0,Read_CSV,22:41:28,0.247,"Inbox\55M_Fact.csv",100,100,5,5,0,0,""
0,Filter,22:41:28,0.32,"Shop(S77..S78)",100,100,5,5,20235466,443240,""
0,JoinKeyValue,22:41:28,0.01,"Product, Style => Inner(key_value)",100,100,5,6,443240,443240,""
0,AddColumn,22:41:28,0.005,"Quantity, Unit_Price => Multiply(Amount)",100,100,6,7,62000,62000,""
0,Filter,22:41:28,0.002,"Amount:Float(>100000)",100,100,7,7,62000,560,""
0,AppendCsv,22:41:28,0,"Outbox/PeakGo-Detail-Result-55M_Fact.csv",100,1,7,7,560,560,""
0,Group_By,22:41:28,0,"Shop, Product => Count() Sum(Quantity) Sum(Amount)",100,1,7,5,560,26,""
1,Read_CSV,22:41:28,0.172,"Inbox\55M_Fact.csv",100,100,5,5,0,0,""
1,Filter,22:41:28,0.283,"Shop(S77..S78)",100,100,5,5,20235448,443240,""
1,JoinKeyValue,22:41:29,0.013,"Product, Style => Inner(key_value)",100,100,5,6,443240,443240,""
1,AddColumn,22:41:29,0.004,"Quantity, Unit_Price => Multiply(Amount)",100,100,6,7,62000,62000,""
1,Filter,22:41:29,0.002,"Amount:Float(>100000)",100,100,7,7,62000,560,""
1,AppendCsv,22:41:29,0,"Outbox/PeakGo-Detail-Result-55M_Fact.csv",100,1,7,7,560,560,""
1,Group_By,22:41:29,0,"Shop, Product => Count() Sum(Quantity) Sum(Amount)",100,1,7,5,560,26,""
2,Read_CSV,22:41:29,0.096,"Inbox\55M_Fact.csv",72,72,5,5,0,0,""
2,Filter,22:41:29,0.2,"Shop(S77..S78)",72,72,5,5,14529086,332430,""
2,JoinKeyValue,22:41:29,0.007,"Product, Style => Inner(key_value)",72,72,5,6,332430,332430,""
2,AddColumn,22:41:29,0,"Quantity, Unit_Price => Multiply(Amount)",72,72,6,7,46500,46500,""
2,Filter,22:41:29,0.009,"Amount:Float(>100000)",72,72,7,7,46500,420,""
2,AppendCsv,22:41:29,0,"Outbox/PeakGo-Detail-Result-55M_Fact.csv",72,1,7,7,420,420,""
2,Group_By,22:41:29,0.001,"Shop, Product => Count() Sum(Quantity) Sum(Amount)",72,1,7,5,420,26,""
0,Final_Group_By,22:41:29,0,"Shop, Product => Sum(Count) Sum(Quantity) Sum(Amount)",3,1,5,5,78,26,""
0,Write_CSV,22:41:29,0.005,"Outbox/Peakgo-Summary-Result-55M_Fact.csv",1,1,5,5,26,26,""
