Batch,Command,Start Time,Second,Command Setting,S Partition,E Partition,S Column,E Column,S Row,E Row,Error Message
0,Get_CSV_Partition_Address,23:20:00,0,"Inbox/Master.csv",0,1,0,3,0,0,""
0,Read_CSV,23:20:00,0,"Inbox/Master.csv",1,1,3,3,0,0,""
0,Filter,23:20:00,0.001,"Style(=F)",1,1,3,3,7200,900,""
0,Build_Key_Value,23:20:00,0,"Product, Style => Table(key_value)",1,1,3,3,900,900,""
0,Get_CSV_Partition_Address,23:20:00,0.004,"Inbox/33M_Fact.csv",0,164,0,5,0,0,""
0,Read_CSV,23:20:00,0.283,"Inbox/33M_Fact.csv",100,100,5,5,0,0,""
0,Filter,23:20:00,0.838,"Shop(S77..S78)",100,100,5,5,20235466,443240,""
0,Join_Key_Value,23:20:01,0.047,"Product, Style => Inner(key_value)",100,100,5,6,443240,62000,""
0,Add_Column,23:20:01,0.013,"Quantity, Unit_Price => Multiply(Amount)",100,100,6,7,62000,62000,""
0,Filter,23:20:01,0.005,"Amount:Float(>100000)",100,100,7,7,62000,560,""
0,Append_CSV,23:20:01,0,"Outbox/Peakrs-Detail-Result-33M_Fact.csv",100,1,7,7,560,560,""
0,Group_By,23:20:01,0.005,"Shop, Product => Count() Sum(Quantity) Sum(Amount)",100,1,7,5,560,26,""
1,Read_CSV,23:20:01,0.164,"Inbox/33M_Fact.csv",64,64,5,5,0,0,""
1,Filter,23:20:01,0.516,"Shop(S77..S78)",64,64,5,5,12764534,288106,""
1,Join_Key_Value,23:20:02,0.035,"Product, Style => Inner(key_value)",64,64,5,6,288106,40300,""
1,Add_Column,23:20:02,0.01,"Quantity, Unit_Price => Multiply(Amount)",64,64,6,7,40300,40300,""
1,Filter,23:20:02,0.003,"Amount:Float(>100000)",64,64,7,7,40300,364,""
1,Append_CSV,23:20:02,0,"Outbox/Peakrs-Detail-Result-33M_Fact.csv",64,1,7,7,364,364,""
1,Group_By,23:20:02,0.004,"Shop, Product => Count() Sum(Quantity) Sum(Amount)",64,1,7,5,364,26,""
0,Final_Group_By,23:20:02,0,"Shop, Product => Sum(Count) Sum(Quantity) Sum(Amount)",2,1,5,5,52,26,""
0,Write_CSV,23:20:02,0,"Outbox/Peakrs-Summary-Result-33M_Fact.csv",1,1,5,5,26,26,""
