Batch,Command,Start Time,Second,Command Setting,S Partition,E Partition,S Column,E Column,S Row,E Row,Error Message
0,GetCsvPartitionAddress,22:38:06,0.003,"Inbox/Master.csv",0,1,0,3,0,0,""
0,Read_CSV,22:38:06,0.001,"Inbox/Master.csv",1,1,3,3,0,0,""
0,Filter,22:38:06,0.001,"Style(=F)",1,1,3,3,7200,900,""
0,Build_Key_Value,22:38:06,0.001,"Product, Style => Table(key_value)",1,1,3,3,900,900,""
0,GetCsvPartitionAddress,22:38:06,0.076,"Inbox\26M_Fact.csv",0,129,0,5,0,0,""
0,Read_CSV,22:38:06,0.246,"Inbox\26M_Fact.csv",100,100,5,5,0,0,""
0,Filter,22:38:06,0.291,"Shop(S77..S78)",100,100,5,5,20235466,443240,""
0,JoinKeyValue,22:38:06,0.014,"Product, Style => Inner(key_value)",100,100,5,6,443240,443240,""
0,AddColumn,22:38:07,0.003,"Quantity, Unit_Price => Multiply(Amount)",100,100,6,7,62000,62000,""
0,Filter,22:38:07,0.003,"Amount:Float(>100000)",100,100,7,7,62000,560,""
0,AppendCsv,22:38:07,0,"Outbox/PeakGo-Detail-Result-26M_Fact.csv",100,1,7,7,560,560,""
0,Group_By,22:38:07,0,"Shop, Product => Count() Sum(Quantity) Sum(Amount)",100,1,7,5,560,26,""
1,Read_CSV,22:38:07,0.042,"Inbox\26M_Fact.csv",29,29,5,5,0,0,""
1,Filter,22:38:07,0.087,"Shop(S77..S78)",29,29,5,5,5764534,132972,""
1,JoinKeyValue,22:38:07,0.007,"Product, Style => Inner(key_value)",29,29,5,6,132972,132972,""
1,AddColumn,22:38:07,0,"Quantity, Unit_Price => Multiply(Amount)",29,29,6,7,18600,18600,""
1,Filter,22:38:07,0.003,"Amount:Float(>100000)",29,29,7,7,18600,168,""
1,AppendCsv,22:38:07,0,"Outbox/PeakGo-Detail-Result-26M_Fact.csv",29,1,7,7,168,168,""
1,Group_By,22:38:07,0,"Shop, Product => Count() Sum(Quantity) Sum(Amount)",29,1,7,5,168,26,""
0,Final_Group_By,22:38:07,0,"Shop, Product => Sum(Count) Sum(Quantity) Sum(Amount)",2,1,5,5,52,26,""
0,Write_CSV,22:38:07,0,"Outbox/Peakgo-Summary-Result-26M_Fact.csv",1,1,5,5,26,26,""
