Batch,Command,Start Time,Second,Command Setting,S Partition,E Partition,S Column,E Column,S Row,E Row,Error Message
0,Get_CSV_Partition_Address,22:38:05,0,"Inbox/Master.csv",0,1,0,3,0,0,""
0,Read_CSV,22:38:05,0,"Inbox/Master.csv",1,1,3,3,0,0,""
0,Filter,22:38:05,0.002,"Style(=F)",1,1,3,3,7200,900,""
0,Build_Key_Value,22:38:05,0.001,"Product, Style => Table(key_value)",1,1,3,3,900,900,""
0,Get_CSV_Partition_Address,22:38:05,0.003,"Inbox/26M_Fact.csv",0,129,0,5,0,0,""
0,Read_CSV,22:38:05,0.183,"Inbox/26M_Fact.csv",100,100,5,5,0,0,""
0,Filter,22:38:05,0.312,"Shop(S77..S78)",100,100,5,5,20235466,443240,""
0,Join_Key_Value,22:38:06,0.02,"Product, Style => Inner(key_value)",100,100,5,6,443240,62000,""
0,Add_Column,22:38:06,0.036,"Quantity, Unit_Price => Multiply(Amount)",100,100,6,7,62000,62000,""
0,Filter,22:38:06,0.002,"Amount:Float(>100000)",100,100,7,7,62000,560,""
0,Append_CSV,22:38:06,0,"Outbox/Peakrs-Detail-Result-26M_Fact.csv",100,1,7,7,560,560,""
0,Group_By,22:38:06,0.006,"Shop, Product => Count() Sum(Quantity) Sum(Amount)",100,1,7,5,560,26,""
1,Read_CSV,22:38:06,0.054,"Inbox/26M_Fact.csv",29,29,5,5,0,0,""
1,Filter,22:38:06,0.083,"Shop(S77..S78)",29,29,5,5,5764534,132972,""
1,Join_Key_Value,22:38:06,0.011,"Product, Style => Inner(key_value)",29,29,5,6,132972,18600,""
1,Add_Column,22:38:06,0.012,"Quantity, Unit_Price => Multiply(Amount)",29,29,6,7,18600,18600,""
1,Filter,22:38:06,0.001,"Amount:Float(>100000)",29,29,7,7,18600,168,""
1,Append_CSV,22:38:06,0,"Outbox/Peakrs-Detail-Result-26M_Fact.csv",29,1,7,7,168,168,""
1,Group_By,22:38:06,0.002,"Shop, Product => Count() Sum(Quantity) Sum(Amount)",29,1,7,5,168,26,""
0,Final_Group_By,22:38:06,0,"Shop, Product => Sum(Count) Sum(Quantity) Sum(Amount)",2,1,5,5,52,26,""
0,Write_CSV,22:38:06,0.001,"Outbox/Peakrs-Summary-Result-26M_Fact.csv",1,1,5,5,26,26,""
