Batch,Command,Start Time,Second,Command Setting,S Partition,E Partition,S Column,E Column,S Row,E Row,Error Message
0,GetCsvPartitionAddress,22:41:46,0.002,"Inbox/Master.csv",0,1,0,3,0,0,""
0,Read_CSV,22:41:46,0,"Inbox/Master.csv",1,1,3,3,0,0,""
0,Filter,22:41:46,0.001,"Style(=F)",1,1,3,3,7200,900,""
0,Build_Key_Value,22:41:46,0.001,"Product, Style => Table(key_value)",1,1,3,3,900,900,""
0,GetCsvPartitionAddress,22:41:46,0.173,"Inbox\57M_Fact.csv",0,282,0,5,0,0,""
0,Read_CSV,22:41:46,0.243,"Inbox\57M_Fact.csv",100,100,5,5,0,0,""
0,Filter,22:41:46,0.317,"Shop(S77..S78)",100,100,5,5,20235466,443240,""
0,JoinKeyValue,22:41:47,0.013,"Product, Style => Inner(key_value)",100,100,5,6,443240,443240,""
0,AddColumn,22:41:47,0.017,"Quantity, Unit_Price => Multiply(Amount)",100,100,6,7,62000,62000,""
0,Filter,22:41:47,0,"Amount:Float(>100000)",100,100,7,7,62000,560,""
0,AppendCsv,22:41:47,0,"Outbox/PeakGo-Detail-Result-57M_Fact.csv",100,1,7,7,560,560,""
0,Group_By,22:41:47,0.007,"Shop, Product => Count() Sum(Quantity) Sum(Amount)",100,1,7,5,560,26,""
1,Read_CSV,22:41:47,0.176,"Inbox\57M_Fact.csv",100,100,5,5,0,0,""
1,Filter,22:41:47,0.277,"Shop(S77..S78)",100,100,5,5,20235448,443240,""
1,JoinKeyValue,22:41:47,0.017,"Product, Style => Inner(key_value)",100,100,5,6,443240,443240,""
1,AddColumn,22:41:47,0.009,"Quantity, Unit_Price => Multiply(Amount)",100,100,6,7,62000,62000,""
1,Filter,22:41:47,0.004,"Amount:Float(>100000)",100,100,7,7,62000,560,""
1,AppendCsv,22:41:47,0,"Outbox/PeakGo-Detail-Result-57M_Fact.csv",100,1,7,7,560,560,""
1,Group_By,22:41:47,0,"Shop, Product => Count() Sum(Quantity) Sum(Amount)",100,1,7,5,560,26,""
2,Read_CSV,22:41:47,0.11,"Inbox\57M_Fact.csv",82,82,5,5,0,0,""
2,Filter,22:41:47,0.229,"Shop(S77..S78)",82,82,5,5,16529086,376754,""
2,JoinKeyValue,22:41:47,0.011,"Product, Style => Inner(key_value)",82,82,5,6,376754,376754,""
2,AddColumn,22:41:47,0.005,"Quantity, Unit_Price => Multiply(Amount)",82,82,6,7,52700,52700,""
2,Filter,22:41:47,0,"Amount:Float(>100000)",82,82,7,7,52700,476,""
2,AppendCsv,22:41:47,0,"Outbox/PeakGo-Detail-Result-57M_Fact.csv",82,1,7,7,476,476,""
2,Group_By,22:41:47,0.004,"Shop, Product => Count() Sum(Quantity) Sum(Amount)",82,1,7,5,476,26,""
0,Final_Group_By,22:41:47,0,"Shop, Product => Sum(Count) Sum(Quantity) Sum(Amount)",3,1,5,5,78,26,""
0,Write_CSV,22:41:47,0.005,"Outbox/Peakgo-Summary-Result-57M_Fact.csv",1,1,5,5,26,26,""
