Batch,Command,Start Time,Second,Command Setting,S Partition,E Partition,S Column,E Column,S Row,E Row,Error Message
0,Get_CSV_Partition_Address,22:41:44,0,"Inbox/Master.csv",0,1,0,3,0,0,""
0,Read_CSV,22:41:44,0,"Inbox/Master.csv",1,1,3,3,0,0,""
0,Filter,22:41:44,0.002,"Style(=F)",1,1,3,3,7200,900,""
0,Build_Key_Value,22:41:44,0.001,"Product, Style => Table(key_value)",1,1,3,3,900,900,""
0,Get_CSV_Partition_Address,22:41:44,0.005,"Inbox/57M_Fact.csv",0,282,0,5,0,0,""
0,Read_CSV,22:41:44,0.207,"Inbox/57M_Fact.csv",100,100,5,5,0,0,""
0,Filter,22:41:44,0.301,"Shop(S77..S78)",100,100,5,5,20235466,443240,""
0,Join_Key_Value,22:41:45,0.022,"Product, Style => Inner(key_value)",100,100,5,6,443240,62000,""
0,Add_Column,22:41:45,0.006,"Quantity, Unit_Price => Multiply(Amount)",100,100,6,7,62000,62000,""
0,Filter,22:41:45,0.004,"Amount:Float(>100000)",100,100,7,7,62000,560,""
0,Append_CSV,22:41:45,0,"Outbox/Peakrs-Detail-Result-57M_Fact.csv",100,1,7,7,560,560,""
0,Group_By,22:41:45,0.009,"Shop, Product => Count() Sum(Quantity) Sum(Amount)",100,1,7,5,560,26,""
1,Read_CSV,22:41:45,0.191,"Inbox/57M_Fact.csv",100,100,5,5,0,0,""
1,Filter,22:41:45,0.31,"Shop(S77..S78)",100,100,5,5,20235448,443240,""
1,Join_Key_Value,22:41:45,0.019,"Product, Style => Inner(key_value)",100,100,5,6,443240,62000,""
1,Add_Column,22:41:45,0.007,"Quantity, Unit_Price => Multiply(Amount)",100,100,6,7,62000,62000,""
1,Filter,22:41:45,0.002,"Amount:Float(>100000)",100,100,7,7,62000,560,""
1,Append_CSV,22:41:45,0,"Outbox/Peakrs-Detail-Result-57M_Fact.csv",100,1,7,7,560,560,""
1,Group_By,22:41:45,0.007,"Shop, Product => Count() Sum(Quantity) Sum(Amount)",100,1,7,5,560,26,""
2,Read_CSV,22:41:45,0.141,"Inbox/57M_Fact.csv",82,82,5,5,0,0,""
2,Filter,22:41:45,0.225,"Shop(S77..S78)",82,82,5,5,16529086,376754,""
2,Join_Key_Value,22:41:46,0.015,"Product, Style => Inner(key_value)",82,82,5,6,376754,52700,""
2,Add_Column,22:41:46,0.005,"Quantity, Unit_Price => Multiply(Amount)",82,82,6,7,52700,52700,""
2,Filter,22:41:46,0.002,"Amount:Float(>100000)",82,82,7,7,52700,476,""
2,Append_CSV,22:41:46,0,"Outbox/Peakrs-Detail-Result-57M_Fact.csv",82,1,7,7,476,476,""
2,Group_By,22:41:46,0.007,"Shop, Product => Count() Sum(Quantity) Sum(Amount)",82,1,7,5,476,26,""
0,Final_Group_By,22:41:46,0,"Shop, Product => Sum(Count) Sum(Quantity) Sum(Amount)",3,1,5,5,78,26,""
0,Write_CSV,22:41:46,0.001,"Outbox/Peakrs-Summary-Result-57M_Fact.csv",1,1,5,5,26,26,""
