Batch,Command,Start Time,Second,Command Setting,S Partition,E Partition,S Column,E Column,S Row,E Row,Error Message
0,GetCsvPartitionAddress,22:37:05,0.002,"Inbox/Master.csv",0,1,0,3,0,0,""
0,Read_CSV,22:37:05,0,"Inbox/Master.csv",1,1,3,3,0,0,""
0,Filter,22:37:05,0.001,"Style(=F)",1,1,3,3,7200,900,""
0,Build_Key_Value,22:37:05,0.001,"Product, Style => Table(key_value)",1,1,3,3,900,900,""
0,GetCsvPartitionAddress,22:37:05,0.165,"Inbox\11M_Fact.csv",0,272,0,5,0,0,""
0,Read_CSV,22:37:05,0.061,"Inbox\11M_Fact.csv",100,100,5,5,0,0,""
0,Filter,22:37:05,0.068,"Shop(S77..S78)",100,100,5,5,4047094,88648,""
0,JoinKeyValue,22:37:06,0.005,"Product, Style => Inner(key_value)",100,100,5,6,88648,88648,""
0,AddColumn,22:37:06,0.002,"Quantity, Unit_Price => Multiply(Amount)",100,100,6,7,12400,12400,""
0,Filter,22:37:06,0.001,"Amount:Float(>100000)",100,100,7,7,12400,112,""
0,AppendCsv,22:37:06,0.001,"Outbox/PeakGo-Detail-Result-11M_Fact.csv",100,1,7,7,112,112,""
0,Group_By,22:37:06,0.001,"Shop, Product => Count() Sum(Quantity) Sum(Amount)",100,1,7,5,112,26,""
1,Read_CSV,22:37:06,0.039,"Inbox\11M_Fact.csv",100,100,5,5,0,0,""
1,Filter,22:37:06,0.061,"Shop(S77..S78)",100,100,5,5,4047092,88648,""
1,JoinKeyValue,22:37:06,0.007,"Product, Style => Inner(key_value)",100,100,5,6,88648,88648,""
1,AddColumn,22:37:06,0.002,"Quantity, Unit_Price => Multiply(Amount)",100,100,6,7,12400,12400,""
1,Filter,22:37:06,0.001,"Amount:Float(>100000)",100,100,7,7,12400,112,""
1,AppendCsv,22:37:06,0,"Outbox/PeakGo-Detail-Result-11M_Fact.csv",100,1,7,7,112,112,""
1,Group_By,22:37:06,0.001,"Shop, Product => Count() Sum(Quantity) Sum(Amount)",100,1,7,5,112,26,""
2,Read_CSV,22:37:06,0.018,"Inbox\11M_Fact.csv",72,72,5,5,0,0,""
2,Filter,22:37:06,0.052,"Shop(S77..S78)",72,72,5,5,2905814,66486,""
2,JoinKeyValue,22:37:06,0.006,"Product, Style => Inner(key_value)",72,72,5,6,66486,66486,""
2,AddColumn,22:37:06,0.002,"Quantity, Unit_Price => Multiply(Amount)",72,72,6,7,9300,9300,""
2,Filter,22:37:06,0.001,"Amount:Float(>100000)",72,72,7,7,9300,84,""
2,AppendCsv,22:37:06,0,"Outbox/PeakGo-Detail-Result-11M_Fact.csv",72,1,7,7,84,84,""
2,Group_By,22:37:06,0.001,"Shop, Product => Count() Sum(Quantity) Sum(Amount)",72,1,7,5,84,26,""
0,Final_Group_By,22:37:06,0,"Shop, Product => Sum(Count) Sum(Quantity) Sum(Amount)",3,1,5,5,78,26,""
0,Write_CSV,22:37:06,0.005,"Outbox/Peakgo-Summary-Result-11M_Fact.csv",1,1,5,5,26,26,""
