Batch,Command,Start Time,Second,Command Setting,S Partition,E Partition,S Column,E Column,S Row,E Row,Error Message
0,Get_CSV_Partition_Address,22:37:05,0,"Inbox/Master.csv",0,1,0,3,0,0,""
0,Read_CSV,22:37:05,0,"Inbox/Master.csv",1,1,3,3,0,0,""
0,Filter,22:37:05,0.001,"Style(=F)",1,1,3,3,7200,900,""
0,Build_Key_Value,22:37:05,0,"Product, Style => Table(key_value)",1,1,3,3,900,900,""
0,Get_CSV_Partition_Address,22:37:05,0.006,"Inbox/11M_Fact.csv",0,272,0,5,0,0,""
0,Read_CSV,22:37:05,0.047,"Inbox/11M_Fact.csv",100,100,5,5,0,0,""
0,Filter,22:37:05,0.056,"Shop(S77..S78)",100,100,5,5,4047094,88648,""
0,Join_Key_Value,22:37:05,0.009,"Product, Style => Inner(key_value)",100,100,5,6,88648,12400,""
0,Add_Column,22:37:05,0.005,"Quantity, Unit_Price => Multiply(Amount)",100,100,6,7,12400,12400,""
0,Filter,22:37:05,0.003,"Amount:Float(>100000)",100,100,7,7,12400,112,""
0,Append_CSV,22:37:05,0,"Outbox/Peakrs-Detail-Result-11M_Fact.csv",100,1,7,7,112,112,""
0,Group_By,22:37:05,0.004,"Shop, Product => Count() Sum(Quantity) Sum(Amount)",100,1,7,5,112,26,""
1,Read_CSV,22:37:05,0.04,"Inbox/11M_Fact.csv",100,100,5,5,0,0,""
1,Filter,22:37:05,0.056,"Shop(S77..S78)",100,100,5,5,4047092,88648,""
1,Join_Key_Value,22:37:05,0.01,"Product, Style => Inner(key_value)",100,100,5,6,88648,12400,""
1,Add_Column,22:37:05,0.003,"Quantity, Unit_Price => Multiply(Amount)",100,100,6,7,12400,12400,""
1,Filter,22:37:05,0.002,"Amount:Float(>100000)",100,100,7,7,12400,112,""
1,Append_CSV,22:37:05,0,"Outbox/Peakrs-Detail-Result-11M_Fact.csv",100,1,7,7,112,112,""
1,Group_By,22:37:05,0.006,"Shop, Product => Count() Sum(Quantity) Sum(Amount)",100,1,7,5,112,26,""
2,Read_CSV,22:37:05,0.026,"Inbox/11M_Fact.csv",72,72,5,5,0,0,""
2,Filter,22:37:05,0.042,"Shop(S77..S78)",72,72,5,5,2905814,66486,""
2,Join_Key_Value,22:37:05,0.009,"Product, Style => Inner(key_value)",72,72,5,6,66486,9300,""
2,Add_Column,22:37:05,0.002,"Quantity, Unit_Price => Multiply(Amount)",72,72,6,7,9300,9300,""
2,Filter,22:37:05,0.002,"Amount:Float(>100000)",72,72,7,7,9300,84,""
2,Append_CSV,22:37:05,0,"Outbox/Peakrs-Detail-Result-11M_Fact.csv",72,1,7,7,84,84,""
2,Group_By,22:37:05,0.004,"Shop, Product => Count() Sum(Quantity) Sum(Amount)",72,1,7,5,84,26,""
0,Final_Group_By,22:37:05,0,"Shop, Product => Sum(Count) Sum(Quantity) Sum(Amount)",3,1,5,5,78,26,""
0,Write_CSV,22:37:05,0.001,"Outbox/Peakrs-Summary-Result-11M_Fact.csv",1,1,5,5,26,26,""
