Batch,Command,Start Time,Second,Command Setting,S Partition,E Partition,S Column,E Column,S Row,E Row,Error Message
0,GetCsvPartitionAddress,23:38:57,0.003,"Inbox/Master.csv",0,1,0,3,0,0,""
0,Read_CSV,23:38:57,0,"Inbox/Master.csv",1,1,3,3,0,0,""
0,Filter,23:38:57,0.001,"Style(=F)",1,1,3,3,7200,900,""
0,Build_Key_Value,23:38:57,0.002,"Product, Style => Table(key_value)",1,1,3,3,900,900,""
0,GetCsvPartitionAddress,23:38:57,0.451,"Inbox\93M_Fact.csv",0,460,0,5,0,0,""
0,Read_CSV,23:38:57,0.301,"Inbox\93M_Fact.csv",100,100,5,5,0,0,""
0,Filter,23:38:57,1.131,"Shop(S77..S78)",100,100,5,5,20235466,443240,""
0,JoinKeyValue,23:38:59,0.035,"Product, Style => Inner(key_value)",100,100,5,6,443240,443240,""
0,AddColumn,23:38:59,0.011,"Quantity, Unit_Price => Multiply(Amount)",100,100,6,7,62000,62000,""
0,Filter,23:38:59,0.01,"Amount:Float(>100000)",100,100,7,7,62000,560,""
0,AppendCsv,23:38:59,0,"Outbox/PeakGo-Detail-Result-93M_Fact.csv",100,1,7,7,560,560,""
0,Group_By,23:38:59,0,"Shop, Product => Count() Sum(Quantity) Sum(Amount)",100,1,7,5,560,26,""
1,Read_CSV,23:38:59,0.199,"Inbox\93M_Fact.csv",100,100,5,5,0,0,""
1,Filter,23:38:59,0.891,"Shop(S77..S78)",100,100,5,5,20235448,443240,""
1,JoinKeyValue,23:39:00,0.095,"Product, Style => Inner(key_value)",100,100,5,6,443240,443240,""
1,AddColumn,23:39:00,0.01,"Quantity, Unit_Price => Multiply(Amount)",100,100,6,7,62000,62000,""
1,Filter,23:39:00,0.016,"Amount:Float(>100000)",100,100,7,7,62000,560,""
1,AppendCsv,23:39:00,0,"Outbox/PeakGo-Detail-Result-93M_Fact.csv",100,1,7,7,560,560,""
1,Group_By,23:39:00,0,"Shop, Product => Count() Sum(Quantity) Sum(Amount)",100,1,7,5,560,26,""
2,Read_CSV,23:39:00,0.158,"Inbox\93M_Fact.csv",100,100,5,5,0,0,""
2,Filter,23:39:00,0.837,"Shop(S77..S78)",100,100,5,5,20235448,443240,""
2,JoinKeyValue,23:39:01,0.052,"Product, Style => Inner(key_value)",100,100,5,6,443240,443240,""
2,AddColumn,23:39:01,0.017,"Quantity, Unit_Price => Multiply(Amount)",100,100,6,7,62000,62000,""
2,Filter,23:39:01,0.013,"Amount:Float(>100000)",100,100,7,7,62000,560,""
2,AppendCsv,23:39:01,0,"Outbox/PeakGo-Detail-Result-93M_Fact.csv",100,1,7,7,560,560,""
2,Group_By,23:39:01,0,"Shop, Product => Count() Sum(Quantity) Sum(Amount)",100,1,7,5,560,26,""
3,Read_CSV,23:39:01,0.16,"Inbox\93M_Fact.csv",100,100,5,5,0,0,""
3,Filter,23:39:01,0.853,"Shop(S77..S78)",100,100,5,5,20235452,465402,""
3,JoinKeyValue,23:39:02,0.039,"Product, Style => Inner(key_value)",100,100,5,6,465402,465402,""
3,AddColumn,23:39:02,0.01,"Quantity, Unit_Price => Multiply(Amount)",100,100,6,7,65100,65100,""
3,Filter,23:39:02,0.016,"Amount:Float(>100000)",100,100,7,7,65100,588,""
3,AppendCsv,23:39:02,0,"Outbox/PeakGo-Detail-Result-93M_Fact.csv",100,1,7,7,588,588,""
3,Group_By,23:39:02,0.002,"Shop, Product => Count() Sum(Quantity) Sum(Amount)",100,1,7,5,588,26,""
4,Read_CSV,23:39:02,0.094,"Inbox\93M_Fact.csv",60,60,5,5,0,0,""
4,Filter,23:39:02,0.511,"Shop(S77..S78)",60,60,5,5,12058186,265944,""
4,JoinKeyValue,23:39:03,0.027,"Product, Style => Inner(key_value)",60,60,5,6,265944,265944,""
4,AddColumn,23:39:03,0.013,"Quantity, Unit_Price => Multiply(Amount)",60,60,6,7,37200,37200,""
4,Filter,23:39:03,0,"Amount:Float(>100000)",60,60,7,7,37200,336,""
4,AppendCsv,23:39:03,0,"Outbox/PeakGo-Detail-Result-93M_Fact.csv",60,1,7,7,336,336,""
4,Group_By,23:39:03,0,"Shop, Product => Count() Sum(Quantity) Sum(Amount)",60,1,7,5,336,26,""
0,Final_Group_By,23:39:03,0,"Shop, Product => Sum(Count) Sum(Quantity) Sum(Amount)",5,1,5,5,130,26,""
0,Write_CSV,23:39:03,0,"Outbox/Peakgo-Summary-Result-93M_Fact.csv",1,1,5,5,26,26,""
