Batch,Command,Start Time,Second,Command Setting,S Partition,E Partition,S Column,E Column,S Row,E Row,Error Message
0,Get_CSV_Partition_Address,23:22:23,0,"Inbox/Master.csv",0,1,0,3,0,0,""
0,Read_CSV,23:22:23,0,"Inbox/Master.csv",1,1,3,3,0,0,""
0,Filter,23:22:23,0.001,"Style(=F)",1,1,3,3,7200,900,""
0,Build_Key_Value,23:22:23,0,"Product, Style => Table(key_value)",1,1,3,3,900,900,""
0,Get_CSV_Partition_Address,23:22:23,0.005,"Inbox/45M_Fact.csv",0,223,0,5,0,0,""
0,Read_CSV,23:22:23,0.266,"Inbox/45M_Fact.csv",100,100,5,5,0,0,""
0,Filter,23:22:24,0.801,"Shop(S77..S78)",100,100,5,5,20235466,443240,""
0,Join_Key_Value,23:22:24,0.047,"Product, Style => Inner(key_value)",100,100,5,6,443240,62000,""
0,Add_Column,23:22:24,0.024,"Quantity, Unit_Price => Multiply(Amount)",100,100,6,7,62000,62000,""
0,Filter,23:22:24,0.004,"Amount:Float(>100000)",100,100,7,7,62000,560,""
0,Append_CSV,23:22:24,0,"Outbox/Peakrs-Detail-Result-45M_Fact.csv",100,1,7,7,560,560,""
0,Group_By,23:22:24,0.005,"Shop, Product => Count() Sum(Quantity) Sum(Amount)",100,1,7,5,560,26,""
1,Read_CSV,23:22:24,0.249,"Inbox/45M_Fact.csv",100,100,5,5,0,0,""
1,Filter,23:22:25,0.869,"Shop(S77..S78)",100,100,5,5,20235448,443240,""
1,Join_Key_Value,23:22:26,0.042,"Product, Style => Inner(key_value)",100,100,5,6,443240,62000,""
1,Add_Column,23:22:26,0.015,"Quantity, Unit_Price => Multiply(Amount)",100,100,6,7,62000,62000,""
1,Filter,23:22:26,0.005,"Amount:Float(>100000)",100,100,7,7,62000,560,""
1,Append_CSV,23:22:26,0,"Outbox/Peakrs-Detail-Result-45M_Fact.csv",100,1,7,7,560,560,""
1,Group_By,23:22:26,0.005,"Shop, Product => Count() Sum(Quantity) Sum(Amount)",100,1,7,5,560,26,""
2,Read_CSV,23:22:26,0.056,"Inbox/45M_Fact.csv",23,23,5,5,0,0,""
2,Filter,23:22:26,0.181,"Shop(S77..S78)",23,23,5,5,4529086,110810,""
2,Join_Key_Value,23:22:26,0.018,"Product, Style => Inner(key_value)",23,23,5,6,110810,15500,""
2,Add_Column,23:22:26,0.004,"Quantity, Unit_Price => Multiply(Amount)",23,23,6,7,15500,15500,""
2,Filter,23:22:26,0.001,"Amount:Float(>100000)",23,23,7,7,15500,140,""
2,Append_CSV,23:22:26,0,"Outbox/Peakrs-Detail-Result-45M_Fact.csv",23,1,7,7,140,140,""
2,Group_By,23:22:26,0.005,"Shop, Product => Count() Sum(Quantity) Sum(Amount)",23,1,7,5,140,26,""
0,Final_Group_By,23:22:26,0,"Shop, Product => Sum(Count) Sum(Quantity) Sum(Amount)",3,1,5,5,78,26,""
0,Write_CSV,23:22:26,0,"Outbox/Peakrs-Summary-Result-45M_Fact.csv",1,1,5,5,26,26,""
