Batch,Command,Start Time,Second,Command Setting,S Partition,E Partition,S Column,E Column,S Row,E Row,Error Message
0,Get_CSV_Partition_Address,23:24:21,0.001,"Inbox/Master.csv",0,1,0,3,0,0,""
0,Read_CSV,23:24:21,0,"Inbox/Master.csv",1,1,3,3,0,0,""
0,Filter,23:24:21,0.001,"Style(=F)",1,1,3,3,7200,900,""
0,Build_Key_Value,23:24:21,0.001,"Product, Style => Table(key_value)",1,1,3,3,900,900,""
0,Get_CSV_Partition_Address,23:24:21,0.006,"Inbox/53M_Fact.csv",0,262,0,5,0,0,""
0,Read_CSV,23:24:21,0.25,"Inbox/53M_Fact.csv",100,100,5,5,0,0,""
0,Filter,23:24:21,0.798,"Shop(S77..S78)",100,100,5,5,20235466,443240,""
0,Join_Key_Value,23:24:22,0.032,"Product, Style => Inner(key_value)",100,100,5,6,443240,62000,""
0,Add_Column,23:24:22,0.019,"Quantity, Unit_Price => Multiply(Amount)",100,100,6,7,62000,62000,""
0,Filter,23:24:22,0.007,"Amount:Float(>100000)",100,100,7,7,62000,560,""
0,Append_CSV,23:24:22,0,"Outbox/Peakrs-Detail-Result-53M_Fact.csv",100,1,7,7,560,560,""
0,Group_By,23:24:22,0.007,"Shop, Product => Count() Sum(Quantity) Sum(Amount)",100,1,7,5,560,26,""
1,Read_CSV,23:24:22,0.28,"Inbox/53M_Fact.csv",100,100,5,5,0,0,""
1,Filter,23:24:22,0.871,"Shop(S77..S78)",100,100,5,5,20235448,443240,""
1,Join_Key_Value,23:24:23,0.033,"Product, Style => Inner(key_value)",100,100,5,6,443240,62000,""
1,Add_Column,23:24:23,0.011,"Quantity, Unit_Price => Multiply(Amount)",100,100,6,7,62000,62000,""
1,Filter,23:24:23,0.004,"Amount:Float(>100000)",100,100,7,7,62000,560,""
1,Append_CSV,23:24:23,0,"Outbox/Peakrs-Detail-Result-53M_Fact.csv",100,1,7,7,560,560,""
1,Group_By,23:24:23,0.004,"Shop, Product => Count() Sum(Quantity) Sum(Amount)",100,1,7,5,560,26,""
2,Read_CSV,23:24:23,0.152,"Inbox/53M_Fact.csv",62,62,5,5,0,0,""
2,Filter,23:24:24,0.509,"Shop(S77..S78)",62,62,5,5,12529086,288106,""
2,Join_Key_Value,23:24:24,0.021,"Product, Style => Inner(key_value)",62,62,5,6,288106,40300,""
2,Add_Column,23:24:24,0.008,"Quantity, Unit_Price => Multiply(Amount)",62,62,6,7,40300,40300,""
2,Filter,23:24:24,0.003,"Amount:Float(>100000)",62,62,7,7,40300,364,""
2,Append_CSV,23:24:24,0,"Outbox/Peakrs-Detail-Result-53M_Fact.csv",62,1,7,7,364,364,""
2,Group_By,23:24:24,0.003,"Shop, Product => Count() Sum(Quantity) Sum(Amount)",62,1,7,5,364,26,""
0,Final_Group_By,23:24:24,0,"Shop, Product => Sum(Count) Sum(Quantity) Sum(Amount)",3,1,5,5,78,26,""
0,Write_CSV,23:24:24,0,"Outbox/Peakrs-Summary-Result-53M_Fact.csv",1,1,5,5,26,26,""
