Batch,Command,Start Time,Second,Command Setting,S Partition,E Partition,S Column,E Column,S Row,E Row,Error Message
0,Get_CSV_Partition_Address,23:27:53,0.001,"Inbox/Master.csv",0,1,0,3,0,0,""
0,Read_CSV,23:27:53,0,"Inbox/Master.csv",1,1,3,3,0,0,""
0,Filter,23:27:53,0.001,"Style(=F)",1,1,3,3,7200,900,""
0,Build_Key_Value,23:27:53,0.001,"Product, Style => Table(key_value)",1,1,3,3,900,900,""
0,Get_CSV_Partition_Address,23:27:53,0.009,"Inbox/65M_Fact.csv",0,322,0,5,0,0,""
0,Read_CSV,23:27:53,0.257,"Inbox/65M_Fact.csv",100,100,5,5,0,0,""
0,Filter,23:27:53,0.787,"Shop(S77..S78)",100,100,5,5,20235466,443240,""
0,Join_Key_Value,23:27:54,0.033,"Product, Style => Inner(key_value)",100,100,5,6,443240,62000,""
0,Add_Column,23:27:54,0.011,"Quantity, Unit_Price => Multiply(Amount)",100,100,6,7,62000,62000,""
0,Filter,23:27:54,0.004,"Amount:Float(>100000)",100,100,7,7,62000,560,""
0,Append_CSV,23:27:54,0,"Outbox/Peakrs-Detail-Result-65M_Fact.csv",100,1,7,7,560,560,""
0,Group_By,23:27:54,0.007,"Shop, Product => Count() Sum(Quantity) Sum(Amount)",100,1,7,5,560,26,""
1,Read_CSV,23:27:54,0.261,"Inbox/65M_Fact.csv",100,100,5,5,0,0,""
1,Filter,23:27:55,0.807,"Shop(S77..S78)",100,100,5,5,20235448,443240,""
1,Join_Key_Value,23:27:55,0.042,"Product, Style => Inner(key_value)",100,100,5,6,443240,62000,""
1,Add_Column,23:27:56,0.021,"Quantity, Unit_Price => Multiply(Amount)",100,100,6,7,62000,62000,""
1,Filter,23:27:56,0.005,"Amount:Float(>100000)",100,100,7,7,62000,560,""
1,Append_CSV,23:27:56,0,"Outbox/Peakrs-Detail-Result-65M_Fact.csv",100,1,7,7,560,560,""
1,Group_By,23:27:56,0.006,"Shop, Product => Count() Sum(Quantity) Sum(Amount)",100,1,7,5,560,26,""
2,Read_CSV,23:27:56,0.243,"Inbox/65M_Fact.csv",100,100,5,5,0,0,""
2,Filter,23:27:56,0.814,"Shop(S77..S78)",100,100,5,5,20235448,443240,""
2,Join_Key_Value,23:27:57,0.081,"Product, Style => Inner(key_value)",100,100,5,6,443240,62000,""
2,Add_Column,23:27:57,0.02,"Quantity, Unit_Price => Multiply(Amount)",100,100,6,7,62000,62000,""
2,Filter,23:27:57,0.005,"Amount:Float(>100000)",100,100,7,7,62000,560,""
2,Append_CSV,23:27:57,0,"Outbox/Peakrs-Detail-Result-65M_Fact.csv",100,1,7,7,560,560,""
2,Group_By,23:27:57,0.004,"Shop, Product => Count() Sum(Quantity) Sum(Amount)",100,1,7,5,560,26,""
3,Read_CSV,23:27:57,0.062,"Inbox/65M_Fact.csv",22,22,5,5,0,0,""
3,Filter,23:27:57,0.174,"Shop(S77..S78)",22,22,5,5,4293638,110810,""
3,Join_Key_Value,23:27:57,0.012,"Product, Style => Inner(key_value)",22,22,5,6,110810,15500,""
3,Add_Column,23:27:57,0.007,"Quantity, Unit_Price => Multiply(Amount)",22,22,6,7,15500,15500,""
3,Filter,23:27:57,0.002,"Amount:Float(>100000)",22,22,7,7,15500,140,""
3,Append_CSV,23:27:57,0,"Outbox/Peakrs-Detail-Result-65M_Fact.csv",22,1,7,7,140,140,""
3,Group_By,23:27:57,0.005,"Shop, Product => Count() Sum(Quantity) Sum(Amount)",22,1,7,5,140,26,""
0,Final_Group_By,23:27:57,0,"Shop, Product => Sum(Count) Sum(Quantity) Sum(Amount)",4,1,5,5,104,26,""
0,Write_CSV,23:27:57,0,"Outbox/Peakrs-Summary-Result-65M_Fact.csv",1,1,5,5,26,26,""
