Batch,Command,Start Time,Second,Command Setting,S Partition,E Partition,S Column,E Column,S Row,E Row,Error Message
0,GetCsvPartitionAddress,22:38:20,0.002,"Inbox/Master.csv",0,1,0,3,0,0,""
0,Read_CSV,22:38:20,0,"Inbox/Master.csv",1,1,3,3,0,0,""
0,Filter,22:38:20,0.001,"Style(=F)",1,1,3,3,7200,900,""
0,Build_Key_Value,22:38:20,0.001,"Product, Style => Table(key_value)",1,1,3,3,900,900,""
0,GetCsvPartitionAddress,22:38:20,0.094,"Inbox\29M_Fact.csv",0,144,0,5,0,0,""
0,Read_CSV,22:38:20,0.25,"Inbox\29M_Fact.csv",100,100,5,5,0,0,""
0,Filter,22:38:20,0.301,"Shop(S77..S78)",100,100,5,5,20235466,443240,""
0,JoinKeyValue,22:38:21,0.012,"Product, Style => Inner(key_value)",100,100,5,6,443240,443240,""
0,AddColumn,22:38:21,0.003,"Quantity, Unit_Price => Multiply(Amount)",100,100,6,7,62000,62000,""
0,Filter,22:38:21,0.005,"Amount:Float(>100000)",100,100,7,7,62000,560,""
0,AppendCsv,22:38:21,0,"Outbox/PeakGo-Detail-Result-29M_Fact.csv",100,1,7,7,560,560,""
0,Group_By,22:38:21,0,"Shop, Product => Count() Sum(Quantity) Sum(Amount)",100,1,7,5,560,26,""
1,Read_CSV,22:38:21,0.06,"Inbox\29M_Fact.csv",44,44,5,5,0,0,""
1,Filter,22:38:21,0.125,"Shop(S77..S78)",44,44,5,5,8764534,199458,""
1,JoinKeyValue,22:38:21,0.009,"Product, Style => Inner(key_value)",44,44,5,6,199458,199458,""
1,AddColumn,22:38:21,0.002,"Quantity, Unit_Price => Multiply(Amount)",44,44,6,7,27900,27900,""
1,Filter,22:38:21,0,"Amount:Float(>100000)",44,44,7,7,27900,252,""
1,AppendCsv,22:38:21,0,"Outbox/PeakGo-Detail-Result-29M_Fact.csv",44,1,7,7,252,252,""
1,Group_By,22:38:21,0,"Shop, Product => Count() Sum(Quantity) Sum(Amount)",44,1,7,5,252,26,""
0,Final_Group_By,22:38:21,0,"Shop, Product => Sum(Count) Sum(Quantity) Sum(Amount)",2,1,5,5,52,26,""
0,Write_CSV,22:38:21,0,"Outbox/Peakgo-Summary-Result-29M_Fact.csv",1,1,5,5,26,26,""
