Batch,Command,Start Time,Second,Command Setting,S Partition,E Partition,S Column,E Column,S Row,E Row,Error Message
0,GetCsvPartitionAddress,23:34:36,0.003,"Inbox/Master.csv",0,1,0,3,0,0,""
0,Read_CSV,23:34:36,0,"Inbox/Master.csv",1,1,3,3,0,0,""
0,Filter,23:34:36,0.001,"Style(=F)",1,1,3,3,7200,900,""
0,Build_Key_Value,23:34:36,0.001,"Product, Style => Table(key_value)",1,1,3,3,900,900,""
0,GetCsvPartitionAddress,23:34:36,0.389,"Inbox\83M_Fact.csv",0,411,0,5,0,0,""
0,Read_CSV,23:34:36,0.334,"Inbox\83M_Fact.csv",100,100,5,5,0,0,""
0,Filter,23:34:36,0.98,"Shop(S77..S78)",100,100,5,5,20235466,443240,""
0,JoinKeyValue,23:34:37,0.035,"Product, Style => Inner(key_value)",100,100,5,6,443240,443240,""
0,AddColumn,23:34:37,0.01,"Quantity, Unit_Price => Multiply(Amount)",100,100,6,7,62000,62000,""
0,Filter,23:34:37,0.019,"Amount:Float(>100000)",100,100,7,7,62000,560,""
0,AppendCsv,23:34:37,0,"Outbox/PeakGo-Detail-Result-83M_Fact.csv",100,1,7,7,560,560,""
0,Group_By,23:34:37,0,"Shop, Product => Count() Sum(Quantity) Sum(Amount)",100,1,7,5,560,26,""
1,Read_CSV,23:34:37,0.162,"Inbox\83M_Fact.csv",100,100,5,5,0,0,""
1,Filter,23:34:38,0.872,"Shop(S77..S78)",100,100,5,5,20235448,443240,""
1,JoinKeyValue,23:34:39,0.043,"Product, Style => Inner(key_value)",100,100,5,6,443240,443240,""
1,AddColumn,23:34:39,0.015,"Quantity, Unit_Price => Multiply(Amount)",100,100,6,7,62000,62000,""
1,Filter,23:34:39,0,"Amount:Float(>100000)",100,100,7,7,62000,560,""
1,AppendCsv,23:34:39,0,"Outbox/PeakGo-Detail-Result-83M_Fact.csv",100,1,7,7,560,560,""
1,Group_By,23:34:39,0.01,"Shop, Product => Count() Sum(Quantity) Sum(Amount)",100,1,7,5,560,26,""
2,Read_CSV,23:34:39,0.18,"Inbox\83M_Fact.csv",100,100,5,5,0,0,""
2,Filter,23:34:39,0.862,"Shop(S77..S78)",100,100,5,5,20235448,443240,""
2,JoinKeyValue,23:34:40,0.05,"Product, Style => Inner(key_value)",100,100,5,6,443240,443240,""
2,AddColumn,23:34:40,0.019,"Quantity, Unit_Price => Multiply(Amount)",100,100,6,7,62000,62000,""
2,Filter,23:34:40,0.008,"Amount:Float(>100000)",100,100,7,7,62000,560,""
2,AppendCsv,23:34:40,0.001,"Outbox/PeakGo-Detail-Result-83M_Fact.csv",100,1,7,7,560,560,""
2,Group_By,23:34:40,0.002,"Shop, Product => Count() Sum(Quantity) Sum(Amount)",100,1,7,5,560,26,""
3,Read_CSV,23:34:40,0.162,"Inbox\83M_Fact.csv",100,100,5,5,0,0,""
3,Filter,23:34:40,0.841,"Shop(S77..S78)",100,100,5,5,20235452,465402,""
3,JoinKeyValue,23:34:41,0.053,"Product, Style => Inner(key_value)",100,100,5,6,465402,465402,""
3,AddColumn,23:34:41,0.005,"Quantity, Unit_Price => Multiply(Amount)",100,100,6,7,65100,65100,""
3,Filter,23:34:41,0,"Amount:Float(>100000)",100,100,7,7,65100,588,""
3,AppendCsv,23:34:41,0,"Outbox/PeakGo-Detail-Result-83M_Fact.csv",100,1,7,7,588,588,""
3,Group_By,23:34:41,0.016,"Shop, Product => Count() Sum(Quantity) Sum(Amount)",100,1,7,5,588,26,""
4,Read_CSV,23:34:41,0.019,"Inbox\83M_Fact.csv",11,11,5,5,0,0,""
4,Filter,23:34:41,0.113,"Shop(S77..S78)",11,11,5,5,2058186,44324,""
4,JoinKeyValue,23:34:41,0.01,"Product, Style => Inner(key_value)",11,11,5,6,44324,44324,""
4,AddColumn,23:34:41,0,"Quantity, Unit_Price => Multiply(Amount)",11,11,6,7,6200,6200,""
4,Filter,23:34:41,0,"Amount:Float(>100000)",11,11,7,7,6200,56,""
4,AppendCsv,23:34:41,0,"Outbox/PeakGo-Detail-Result-83M_Fact.csv",11,1,7,7,56,56,""
4,Group_By,23:34:41,0,"Shop, Product => Count() Sum(Quantity) Sum(Amount)",11,1,7,5,56,26,""
0,Final_Group_By,23:34:41,0,"Shop, Product => Sum(Count) Sum(Quantity) Sum(Amount)",5,1,5,5,130,26,""
0,Write_CSV,23:34:41,0,"Outbox/Peakgo-Summary-Result-83M_Fact.csv",1,1,5,5,26,26,""
