Batch,Command,Start Time,Second,Command Setting,S Partition,E Partition,S Column,E Column,S Row,E Row,Error Message
0,GetCsvPartitionAddress,22:41:09,0.002,"Inbox/Master.csv",0,1,0,3,0,0,""
0,Read_CSV,22:41:09,0,"Inbox/Master.csv",1,1,3,3,0,0,""
0,Filter,22:41:09,0.001,"Style(=F)",1,1,3,3,7200,900,""
0,Build_Key_Value,22:41:09,0.001,"Product, Style => Table(key_value)",1,1,3,3,900,900,""
0,GetCsvPartitionAddress,22:41:09,0.154,"Inbox\53M_Fact.csv",0,262,0,5,0,0,""
0,Read_CSV,22:41:09,0.25,"Inbox\53M_Fact.csv",100,100,5,5,0,0,""
0,Filter,22:41:10,0.331,"Shop(S77..S78)",100,100,5,5,20235466,443240,""
0,JoinKeyValue,22:41:10,0.014,"Product, Style => Inner(key_value)",100,100,5,6,443240,443240,""
0,AddColumn,22:41:10,0.005,"Quantity, Unit_Price => Multiply(Amount)",100,100,6,7,62000,62000,""
0,Filter,22:41:10,0.002,"Amount:Float(>100000)",100,100,7,7,62000,560,""
0,AppendCsv,22:41:10,0,"Outbox/PeakGo-Detail-Result-53M_Fact.csv",100,1,7,7,560,560,""
0,Group_By,22:41:10,0.001,"Shop, Product => Count() Sum(Quantity) Sum(Amount)",100,1,7,5,560,26,""
1,Read_CSV,22:41:10,0.174,"Inbox\53M_Fact.csv",100,100,5,5,0,0,""
1,Filter,22:41:10,0.274,"Shop(S77..S78)",100,100,5,5,20235448,443240,""
1,JoinKeyValue,22:41:10,0.013,"Product, Style => Inner(key_value)",100,100,5,6,443240,443240,""
1,AddColumn,22:41:11,0.003,"Quantity, Unit_Price => Multiply(Amount)",100,100,6,7,62000,62000,""
1,Filter,22:41:11,0,"Amount:Float(>100000)",100,100,7,7,62000,560,""
1,AppendCsv,22:41:11,0,"Outbox/PeakGo-Detail-Result-53M_Fact.csv",100,1,7,7,560,560,""
1,Group_By,22:41:11,0.006,"Shop, Product => Count() Sum(Quantity) Sum(Amount)",100,1,7,5,560,26,""
2,Read_CSV,22:41:11,0.078,"Inbox\53M_Fact.csv",62,62,5,5,0,0,""
2,Filter,22:41:11,0.184,"Shop(S77..S78)",62,62,5,5,12529086,288106,""
2,JoinKeyValue,22:41:11,0.005,"Product, Style => Inner(key_value)",62,62,5,6,288106,288106,""
2,AddColumn,22:41:11,0.01,"Quantity, Unit_Price => Multiply(Amount)",62,62,6,7,40300,40300,""
2,Filter,22:41:11,0.003,"Amount:Float(>100000)",62,62,7,7,40300,364,""
2,AppendCsv,22:41:11,0,"Outbox/PeakGo-Detail-Result-53M_Fact.csv",62,1,7,7,364,364,""
2,Group_By,22:41:11,0,"Shop, Product => Count() Sum(Quantity) Sum(Amount)",62,1,7,5,364,26,""
0,Final_Group_By,22:41:11,0,"Shop, Product => Sum(Count) Sum(Quantity) Sum(Amount)",3,1,5,5,78,26,""
0,Write_CSV,22:41:11,0,"Outbox/Peakgo-Summary-Result-53M_Fact.csv",1,1,5,5,26,26,""
