Batch,Command,Start Time,Second,Command Setting,S Partition,E Partition,S Column,E Column,S Row,E Row,Error Message
0,Get_CSV_Partition_Address,22:37:43,0.001,"Inbox/Master.csv",0,1,0,3,0,0,""
0,Read_CSV,22:37:43,0,"Inbox/Master.csv",1,1,3,3,0,0,""
0,Filter,22:37:43,0.002,"Style(=F)",1,1,3,3,7200,900,""
0,Build_Key_Value,22:37:43,0.002,"Product, Style => Table(key_value)",1,1,3,3,900,900,""
0,Get_CSV_Partition_Address,22:37:43,0.003,"Inbox/21M_Fact.csv",0,104,0,5,0,0,""
0,Read_CSV,22:37:43,0.258,"Inbox/21M_Fact.csv",100,100,5,5,0,0,""
0,Filter,22:37:43,0.371,"Shop(S77..S78)",100,100,5,5,20235466,443240,""
0,Join_Key_Value,22:37:44,0.027,"Product, Style => Inner(key_value)",100,100,5,6,443240,62000,""
0,Add_Column,22:37:44,0.007,"Quantity, Unit_Price => Multiply(Amount)",100,100,6,7,62000,62000,""
0,Filter,22:37:44,0.003,"Amount:Float(>100000)",100,100,7,7,62000,560,""
0,Append_CSV,22:37:44,0,"Outbox/Peakrs-Detail-Result-21M_Fact.csv",100,1,7,7,560,560,""
0,Group_By,22:37:44,0.008,"Shop, Product => Count() Sum(Quantity) Sum(Amount)",100,1,7,5,560,26,""
1,Read_CSV,22:37:44,0.032,"Inbox/21M_Fact.csv",4,4,5,5,0,0,""
1,Filter,22:37:44,0.046,"Shop(S77..S78)",4,4,5,5,764534,22162,""
1,Join_Key_Value,22:37:44,0.008,"Product, Style => Inner(key_value)",4,4,5,6,22162,3100,""
1,Add_Column,22:37:44,0.002,"Quantity, Unit_Price => Multiply(Amount)",4,4,6,7,3100,3100,""
1,Filter,22:37:44,0.001,"Amount:Float(>100000)",4,4,7,7,3100,28,""
1,Append_CSV,22:37:44,0,"Outbox/Peakrs-Detail-Result-21M_Fact.csv",4,1,7,7,28,28,""
1,Group_By,22:37:44,0.005,"Shop, Product => Count() Sum(Quantity) Sum(Amount)",4,1,7,5,28,26,""
0,Final_Group_By,22:37:44,0,"Shop, Product => Sum(Count) Sum(Quantity) Sum(Amount)",2,1,5,5,52,26,""
0,Write_CSV,22:37:44,0,"Outbox/Peakrs-Summary-Result-21M_Fact.csv",1,1,5,5,26,26,""
