Batch,Command,Start Time,Second,Command Setting,S Partition,E Partition,S Column,E Column,S Row,E Row,Error Message
0,GetCsvPartitionAddress,22:38:40,0.002,"Inbox/Master.csv",0,1,0,3,0,0,""
0,Read_CSV,22:38:40,0,"Inbox/Master.csv",1,1,3,3,0,0,""
0,Filter,22:38:40,0.001,"Style(=F)",1,1,3,3,7200,900,""
0,Build_Key_Value,22:38:40,0.001,"Product, Style => Table(key_value)",1,1,3,3,900,900,""
0,GetCsvPartitionAddress,22:38:40,0.1,"Inbox\33M_Fact.csv",0,164,0,5,0,0,""
0,Read_CSV,22:38:40,0.25,"Inbox\33M_Fact.csv",100,100,5,5,0,0,""
0,Filter,22:38:41,0.304,"Shop(S77..S78)",100,100,5,5,20235466,443240,""
0,JoinKeyValue,22:38:41,0.016,"Product, Style => Inner(key_value)",100,100,5,6,443240,443240,""
0,AddColumn,22:38:41,0.004,"Quantity, Unit_Price => Multiply(Amount)",100,100,6,7,62000,62000,""
0,Filter,22:38:41,0,"Amount:Float(>100000)",100,100,7,7,62000,560,""
0,AppendCsv,22:38:41,0,"Outbox/PeakGo-Detail-Result-33M_Fact.csv",100,1,7,7,560,560,""
0,Group_By,22:38:41,0.006,"Shop, Product => Count() Sum(Quantity) Sum(Amount)",100,1,7,5,560,26,""
1,Read_CSV,22:38:41,0.101,"Inbox\33M_Fact.csv",64,64,5,5,0,0,""
1,Filter,22:38:41,0.183,"Shop(S77..S78)",64,64,5,5,12764534,288106,""
1,JoinKeyValue,22:38:41,0.016,"Product, Style => Inner(key_value)",64,64,5,6,288106,288106,""
1,AddColumn,22:38:41,0.004,"Quantity, Unit_Price => Multiply(Amount)",64,64,6,7,40300,40300,""
1,Filter,22:38:41,0.001,"Amount:Float(>100000)",64,64,7,7,40300,364,""
1,AppendCsv,22:38:41,0,"Outbox/PeakGo-Detail-Result-33M_Fact.csv",64,1,7,7,364,364,""
1,Group_By,22:38:41,0.002,"Shop, Product => Count() Sum(Quantity) Sum(Amount)",64,1,7,5,364,26,""
0,Final_Group_By,22:38:41,0,"Shop, Product => Sum(Count) Sum(Quantity) Sum(Amount)",2,1,5,5,52,26,""
0,Write_CSV,22:38:41,0.002,"Outbox/Peakgo-Summary-Result-33M_Fact.csv",1,1,5,5,26,26,""
