Batch,Command,Start Time,Second,Command Setting,S Partition,E Partition,S Column,E Column,S Row,E Row,Error Message
0,Get_CSV_Partition_Address,22:38:24,0,"Inbox/Master.csv",0,1,0,3,0,0,""
0,Read_CSV,22:38:24,0,"Inbox/Master.csv",1,1,3,3,0,0,""
0,Filter,22:38:24,0.001,"Style(=F)",1,1,3,3,7200,900,""
0,Build_Key_Value,22:38:24,0,"Product, Style => Table(key_value)",1,1,3,3,900,900,""
0,Get_CSV_Partition_Address,22:38:24,0.003,"Inbox/30M_Fact.csv",0,149,0,5,0,0,""
0,Read_CSV,22:38:24,0.187,"Inbox/30M_Fact.csv",100,100,5,5,0,0,""
0,Filter,22:38:24,0.301,"Shop(S77..S78)",100,100,5,5,20235466,443240,""
0,Join_Key_Value,22:38:24,0.021,"Product, Style => Inner(key_value)",100,100,5,6,443240,62000,""
0,Add_Column,22:38:24,0.006,"Quantity, Unit_Price => Multiply(Amount)",100,100,6,7,62000,62000,""
0,Filter,22:38:24,0.002,"Amount:Float(>100000)",100,100,7,7,62000,560,""
0,Append_CSV,22:38:24,0,"Outbox/Peakrs-Detail-Result-30M_Fact.csv",100,1,7,7,560,560,""
0,Group_By,22:38:24,0.005,"Shop, Product => Count() Sum(Quantity) Sum(Amount)",100,1,7,5,560,26,""
1,Read_CSV,22:38:24,0.089,"Inbox/30M_Fact.csv",49,49,5,5,0,0,""
1,Filter,22:38:25,0.132,"Shop(S77..S78)",49,49,5,5,9764534,221620,""
1,Join_Key_Value,22:38:25,0.011,"Product, Style => Inner(key_value)",49,49,5,6,221620,31000,""
1,Add_Column,22:38:25,0.003,"Quantity, Unit_Price => Multiply(Amount)",49,49,6,7,31000,31000,""
1,Filter,22:38:25,0.002,"Amount:Float(>100000)",49,49,7,7,31000,280,""
1,Append_CSV,22:38:25,0,"Outbox/Peakrs-Detail-Result-30M_Fact.csv",49,1,7,7,280,280,""
1,Group_By,22:38:25,0.003,"Shop, Product => Count() Sum(Quantity) Sum(Amount)",49,1,7,5,280,26,""
0,Final_Group_By,22:38:25,0,"Shop, Product => Sum(Count) Sum(Quantity) Sum(Amount)",2,1,5,5,52,26,""
0,Write_CSV,22:38:25,0.001,"Outbox/Peakrs-Summary-Result-30M_Fact.csv",1,1,5,5,26,26,""
