Batch,Command,Start Time,Second,Command Setting,S Partition,E Partition,S Column,E Column,S Row,E Row,Error Message
0,GetCsvPartitionAddress,22:40:51,0.002,"Inbox/Master.csv",0,1,0,3,0,0,""
0,Read_CSV,22:40:51,0.001,"Inbox/Master.csv",1,1,3,3,0,0,""
0,Filter,22:40:51,0.001,"Style(=F)",1,1,3,3,7200,900,""
0,Build_Key_Value,22:40:51,0.003,"Product, Style => Table(key_value)",1,1,3,3,900,900,""
0,GetCsvPartitionAddress,22:40:51,0.152,"Inbox\51M_Fact.csv",0,253,0,5,0,0,""
0,Read_CSV,22:40:52,0.249,"Inbox\51M_Fact.csv",100,100,5,5,0,0,""
0,Filter,22:40:52,0.333,"Shop(S77..S78)",100,100,5,5,20235466,443240,""
0,JoinKeyValue,22:40:52,0.013,"Product, Style => Inner(key_value)",100,100,5,6,443240,443240,""
0,AddColumn,22:40:52,0,"Quantity, Unit_Price => Multiply(Amount)",100,100,6,7,62000,62000,""
0,Filter,22:40:52,0.006,"Amount:Float(>100000)",100,100,7,7,62000,560,""
0,AppendCsv,22:40:52,0,"Outbox/PeakGo-Detail-Result-51M_Fact.csv",100,1,7,7,560,560,""
0,Group_By,22:40:52,0,"Shop, Product => Count() Sum(Quantity) Sum(Amount)",100,1,7,5,560,26,""
1,Read_CSV,22:40:52,0.159,"Inbox\51M_Fact.csv",100,100,5,5,0,0,""
1,Filter,22:40:52,0.273,"Shop(S77..S78)",100,100,5,5,20235448,443240,""
1,JoinKeyValue,22:40:53,0.017,"Product, Style => Inner(key_value)",100,100,5,6,443240,443240,""
1,AddColumn,22:40:53,0.003,"Quantity, Unit_Price => Multiply(Amount)",100,100,6,7,62000,62000,""
1,Filter,22:40:53,0,"Amount:Float(>100000)",100,100,7,7,62000,560,""
1,AppendCsv,22:40:53,0,"Outbox/PeakGo-Detail-Result-51M_Fact.csv",100,1,7,7,560,560,""
1,Group_By,22:40:53,0,"Shop, Product => Count() Sum(Quantity) Sum(Amount)",100,1,7,5,560,26,""
2,Read_CSV,22:40:53,0.113,"Inbox\51M_Fact.csv",53,53,5,5,0,0,""
2,Filter,22:40:53,0.153,"Shop(S77..S78)",53,53,5,5,10529086,243782,""
2,JoinKeyValue,22:40:53,0.007,"Product, Style => Inner(key_value)",53,53,5,6,243782,243782,""
2,AddColumn,22:40:53,0.004,"Quantity, Unit_Price => Multiply(Amount)",53,53,6,7,34100,34100,""
2,Filter,22:40:53,0.001,"Amount:Float(>100000)",53,53,7,7,34100,308,""
2,AppendCsv,22:40:53,0,"Outbox/PeakGo-Detail-Result-51M_Fact.csv",53,1,7,7,308,308,""
2,Group_By,22:40:53,0,"Shop, Product => Count() Sum(Quantity) Sum(Amount)",53,1,7,5,308,26,""
0,Final_Group_By,22:40:53,0,"Shop, Product => Sum(Count) Sum(Quantity) Sum(Amount)",3,1,5,5,78,26,""
0,Write_CSV,22:40:53,0,"Outbox/Peakgo-Summary-Result-51M_Fact.csv",1,1,5,5,26,26,""
