Batch,Command,Start Time,Second,Command Setting,S Partition,E Partition,S Column,E Column,S Row,E Row,Error Message
0,Get_CSV_Partition_Address,22:37:02,0,"Inbox/Master.csv",0,1,0,3,0,0,""
0,Read_CSV,22:37:02,0,"Inbox/Master.csv",1,1,3,3,0,0,""
0,Filter,22:37:02,0.001,"Style(=F)",1,1,3,3,7200,900,""
0,Build_Key_Value,22:37:02,0.001,"Product, Style => Table(key_value)",1,1,3,3,900,900,""
0,Get_CSV_Partition_Address,22:37:02,0.004,"Inbox/10M_Fact.csv",0,248,0,5,0,0,""
0,Read_CSV,22:37:02,0.045,"Inbox/10M_Fact.csv",100,100,5,5,0,0,""
0,Filter,22:37:02,0.059,"Shop(S77..S78)",100,100,5,5,4047094,88648,""
0,Join_Key_Value,22:37:02,0.013,"Product, Style => Inner(key_value)",100,100,5,6,88648,12400,""
0,Add_Column,22:37:02,0.003,"Quantity, Unit_Price => Multiply(Amount)",100,100,6,7,12400,12400,""
0,Filter,22:37:02,0.003,"Amount:Float(>100000)",100,100,7,7,12400,112,""
0,Append_CSV,22:37:02,0,"Outbox/Peakrs-Detail-Result-10M_Fact.csv",100,1,7,7,112,112,""
0,Group_By,22:37:02,0.005,"Shop, Product => Count() Sum(Quantity) Sum(Amount)",100,1,7,5,112,26,""
1,Read_CSV,22:37:02,0.043,"Inbox/10M_Fact.csv",100,100,5,5,0,0,""
1,Filter,22:37:02,0.058,"Shop(S77..S78)",100,100,5,5,4047092,88648,""
1,Join_Key_Value,22:37:02,0.012,"Product, Style => Inner(key_value)",100,100,5,6,88648,12400,""
1,Add_Column,22:37:02,0.004,"Quantity, Unit_Price => Multiply(Amount)",100,100,6,7,12400,12400,""
1,Filter,22:37:02,0.003,"Amount:Float(>100000)",100,100,7,7,12400,112,""
1,Append_CSV,22:37:02,0,"Outbox/Peakrs-Detail-Result-10M_Fact.csv",100,1,7,7,112,112,""
1,Group_By,22:37:02,0.005,"Shop, Product => Count() Sum(Quantity) Sum(Amount)",100,1,7,5,112,26,""
2,Read_CSV,22:37:02,0.018,"Inbox/10M_Fact.csv",48,48,5,5,0,0,""
2,Filter,22:37:02,0.027,"Shop(S77..S78)",48,48,5,5,1905814,44324,""
2,Join_Key_Value,22:37:02,0.007,"Product, Style => Inner(key_value)",48,48,5,6,44324,6200,""
2,Add_Column,22:37:02,0.002,"Quantity, Unit_Price => Multiply(Amount)",48,48,6,7,6200,6200,""
2,Filter,22:37:02,0.002,"Amount:Float(>100000)",48,48,7,7,6200,56,""
2,Append_CSV,22:37:02,0,"Outbox/Peakrs-Detail-Result-10M_Fact.csv",48,1,7,7,56,56,""
2,Group_By,22:37:02,0.005,"Shop, Product => Count() Sum(Quantity) Sum(Amount)",48,1,7,5,56,26,""
0,Final_Group_By,22:37:02,0,"Shop, Product => Sum(Count) Sum(Quantity) Sum(Amount)",3,1,5,5,78,26,""
0,Write_CSV,22:37:02,0.001,"Outbox/Peakrs-Summary-Result-10M_Fact.csv",1,1,5,5,26,26,""
