Batch,Command,Start Time,Second,Command Setting,S Partition,E Partition,S Column,E Column,S Row,E Row,Error Message
0,GetCsvPartitionAddress,23:23:23,0.003,"Inbox/Master.csv",0,1,0,3,0,0,""
0,Read_CSV,23:23:23,0,"Inbox/Master.csv",1,1,3,3,0,0,""
0,Filter,23:23:23,0.001,"Style(=F)",1,1,3,3,7200,900,""
0,Build_Key_Value,23:23:23,0.001,"Product, Style => Table(key_value)",1,1,3,3,900,900,""
0,GetCsvPartitionAddress,23:23:23,0.237,"Inbox\49M_Fact.csv",0,243,0,5,0,0,""
0,Read_CSV,23:23:23,0.311,"Inbox\49M_Fact.csv",100,100,5,5,0,0,""
0,Filter,23:23:23,1.032,"Shop(S77..S78)",100,100,5,5,20235466,443240,""
0,JoinKeyValue,23:23:24,0.043,"Product, Style => Inner(key_value)",100,100,5,6,443240,443240,""
0,AddColumn,23:23:24,0.01,"Quantity, Unit_Price => Multiply(Amount)",100,100,6,7,62000,62000,""
0,Filter,23:23:24,0.016,"Amount:Float(>100000)",100,100,7,7,62000,560,""
0,AppendCsv,23:23:24,0.003,"Outbox/PeakGo-Detail-Result-49M_Fact.csv",100,1,7,7,560,560,""
0,Group_By,23:23:24,0,"Shop, Product => Count() Sum(Quantity) Sum(Amount)",100,1,7,5,560,26,""
1,Read_CSV,23:23:24,0.291,"Inbox\49M_Fact.csv",100,100,5,5,0,0,""
1,Filter,23:23:25,0.891,"Shop(S77..S78)",100,100,5,5,20235448,443240,""
1,JoinKeyValue,23:23:25,0.038,"Product, Style => Inner(key_value)",100,100,5,6,443240,443240,""
1,AddColumn,23:23:26,0.017,"Quantity, Unit_Price => Multiply(Amount)",100,100,6,7,62000,62000,""
1,Filter,23:23:26,0.005,"Amount:Float(>100000)",100,100,7,7,62000,560,""
1,AppendCsv,23:23:26,0,"Outbox/PeakGo-Detail-Result-49M_Fact.csv",100,1,7,7,560,560,""
1,Group_By,23:23:26,0.002,"Shop, Product => Count() Sum(Quantity) Sum(Amount)",100,1,7,5,560,26,""
2,Read_CSV,23:23:26,0.059,"Inbox\49M_Fact.csv",43,43,5,5,0,0,""
2,Filter,23:23:26,0.387,"Shop(S77..S78)",43,43,5,5,8529086,199458,""
2,JoinKeyValue,23:23:26,0.01,"Product, Style => Inner(key_value)",43,43,5,6,199458,199458,""
2,AddColumn,23:23:26,0.017,"Quantity, Unit_Price => Multiply(Amount)",43,43,6,7,27900,27900,""
2,Filter,23:23:26,0,"Amount:Float(>100000)",43,43,7,7,27900,252,""
2,AppendCsv,23:23:26,0,"Outbox/PeakGo-Detail-Result-49M_Fact.csv",43,1,7,7,252,252,""
2,Group_By,23:23:26,0,"Shop, Product => Count() Sum(Quantity) Sum(Amount)",43,1,7,5,252,26,""
0,Final_Group_By,23:23:26,0,"Shop, Product => Sum(Count) Sum(Quantity) Sum(Amount)",3,1,5,5,78,26,""
0,Write_CSV,23:23:26,0,"Outbox/Peakgo-Summary-Result-49M_Fact.csv",1,1,5,5,26,26,""
