Batch,Command,Start Time,Second,Command Setting,S Partition,E Partition,S Column,E Column,S Row,E Row,Error Message
0,Get_CSV_Partition_Address,22:40:16,0,"Inbox/Master.csv",0,1,0,3,0,0,""
0,Read_CSV,22:40:16,0,"Inbox/Master.csv",1,1,3,3,0,0,""
0,Filter,22:40:16,0.001,"Style(=F)",1,1,3,3,7200,900,""
0,Build_Key_Value,22:40:16,0,"Product, Style => Table(key_value)",1,1,3,3,900,900,""
0,Get_CSV_Partition_Address,22:40:16,0.003,"Inbox/47M_Fact.csv",0,233,0,5,0,0,""
0,Read_CSV,22:40:16,0.205,"Inbox/47M_Fact.csv",100,100,5,5,0,0,""
0,Filter,22:40:16,0.316,"Shop(S77..S78)",100,100,5,5,20235466,443240,""
0,Join_Key_Value,22:40:16,0.019,"Product, Style => Inner(key_value)",100,100,5,6,443240,62000,""
0,Add_Column,22:40:16,0.007,"Quantity, Unit_Price => Multiply(Amount)",100,100,6,7,62000,62000,""
0,Filter,22:40:16,0.003,"Amount:Float(>100000)",100,100,7,7,62000,560,""
0,Append_CSV,22:40:16,0,"Outbox/Peakrs-Detail-Result-47M_Fact.csv",100,1,7,7,560,560,""
0,Group_By,22:40:16,0.006,"Shop, Product => Count() Sum(Quantity) Sum(Amount)",100,1,7,5,560,26,""
1,Read_CSV,22:40:16,0.181,"Inbox/47M_Fact.csv",100,100,5,5,0,0,""
1,Filter,22:40:16,0.291,"Shop(S77..S78)",100,100,5,5,20235448,443240,""
1,Join_Key_Value,22:40:17,0.025,"Product, Style => Inner(key_value)",100,100,5,6,443240,62000,""
1,Add_Column,22:40:17,0.006,"Quantity, Unit_Price => Multiply(Amount)",100,100,6,7,62000,62000,""
1,Filter,22:40:17,0.003,"Amount:Float(>100000)",100,100,7,7,62000,560,""
1,Append_CSV,22:40:17,0,"Outbox/Peakrs-Detail-Result-47M_Fact.csv",100,1,7,7,560,560,""
1,Group_By,22:40:17,0.005,"Shop, Product => Count() Sum(Quantity) Sum(Amount)",100,1,7,5,560,26,""
2,Read_CSV,22:40:17,0.093,"Inbox/47M_Fact.csv",33,33,5,5,0,0,""
2,Filter,22:40:17,0.133,"Shop(S77..S78)",33,33,5,5,6529086,155134,""
2,Join_Key_Value,22:40:17,0.009,"Product, Style => Inner(key_value)",33,33,5,6,155134,21700,""
2,Add_Column,22:40:17,0.003,"Quantity, Unit_Price => Multiply(Amount)",33,33,6,7,21700,21700,""
2,Filter,22:40:17,0.001,"Amount:Float(>100000)",33,33,7,7,21700,196,""
2,Append_CSV,22:40:17,0,"Outbox/Peakrs-Detail-Result-47M_Fact.csv",33,1,7,7,196,196,""
2,Group_By,22:40:17,0.006,"Shop, Product => Count() Sum(Quantity) Sum(Amount)",33,1,7,5,196,26,""
0,Final_Group_By,22:40:17,0,"Shop, Product => Sum(Count) Sum(Quantity) Sum(Amount)",3,1,5,5,78,26,""
0,Write_CSV,22:40:17,0,"Outbox/Peakrs-Summary-Result-47M_Fact.csv",1,1,5,5,26,26,""
