Batch,Command,Start Time,Second,Command Setting,S Partition,E Partition,S Column,E Column,S Row,E Row,Error Message
0,GetCsvPartitionAddress,22:40:26,0.003,"Inbox/Master.csv",0,1,0,3,0,0,""
0,Read_CSV,22:40:26,0,"Inbox/Master.csv",1,1,3,3,0,0,""
0,Filter,22:40:26,0.001,"Style(=F)",1,1,3,3,7200,900,""
0,Build_Key_Value,22:40:26,0.001,"Product, Style => Table(key_value)",1,1,3,3,900,900,""
0,GetCsvPartitionAddress,22:40:26,0.163,"Inbox\48M_Fact.csv",0,238,0,5,0,0,""
0,Read_CSV,22:40:26,0.258,"Inbox\48M_Fact.csv",100,100,5,5,0,0,""
0,Filter,22:40:26,0.339,"Shop(S77..S78)",100,100,5,5,20235466,443240,""
0,JoinKeyValue,22:40:26,0.014,"Product, Style => Inner(key_value)",100,100,5,6,443240,443240,""
0,AddColumn,22:40:26,0.006,"Quantity, Unit_Price => Multiply(Amount)",100,100,6,7,62000,62000,""
0,Filter,22:40:26,0.002,"Amount:Float(>100000)",100,100,7,7,62000,560,""
0,AppendCsv,22:40:26,0,"Outbox/PeakGo-Detail-Result-48M_Fact.csv",100,1,7,7,560,560,""
0,Group_By,22:40:26,0,"Shop, Product => Count() Sum(Quantity) Sum(Amount)",100,1,7,5,560,26,""
1,Read_CSV,22:40:26,0.201,"Inbox\48M_Fact.csv",100,100,5,5,0,0,""
1,Filter,22:40:27,0.293,"Shop(S77..S78)",100,100,5,5,20235448,443240,""
1,JoinKeyValue,22:40:27,0.013,"Product, Style => Inner(key_value)",100,100,5,6,443240,443240,""
1,AddColumn,22:40:27,0.005,"Quantity, Unit_Price => Multiply(Amount)",100,100,6,7,62000,62000,""
1,Filter,22:40:27,0.002,"Amount:Float(>100000)",100,100,7,7,62000,560,""
1,AppendCsv,22:40:27,0,"Outbox/PeakGo-Detail-Result-48M_Fact.csv",100,1,7,7,560,560,""
1,Group_By,22:40:27,0.001,"Shop, Product => Count() Sum(Quantity) Sum(Amount)",100,1,7,5,560,26,""
2,Read_CSV,22:40:27,0.058,"Inbox\48M_Fact.csv",38,38,5,5,0,0,""
2,Filter,22:40:27,0.11,"Shop(S77..S78)",38,38,5,5,7529086,177296,""
2,JoinKeyValue,22:40:27,0.006,"Product, Style => Inner(key_value)",38,38,5,6,177296,177296,""
2,AddColumn,22:40:27,0.003,"Quantity, Unit_Price => Multiply(Amount)",38,38,6,7,24800,24800,""
2,Filter,22:40:27,0.002,"Amount:Float(>100000)",38,38,7,7,24800,224,""
2,AppendCsv,22:40:27,0,"Outbox/PeakGo-Detail-Result-48M_Fact.csv",38,1,7,7,224,224,""
2,Group_By,22:40:27,0.001,"Shop, Product => Count() Sum(Quantity) Sum(Amount)",38,1,7,5,224,26,""
0,Final_Group_By,22:40:27,0,"Shop, Product => Sum(Count) Sum(Quantity) Sum(Amount)",3,1,5,5,78,26,""
0,Write_CSV,22:40:27,0.002,"Outbox/Peakgo-Summary-Result-48M_Fact.csv",1,1,5,5,26,26,""
