Batch,Command,Start Time,Second,Command Setting,S Partition,E Partition,S Column,E Column,S Row,E Row,Error Message
0,GetCsvPartitionAddress,22:36:48,0.003,"Inbox/Master.csv",0,1,0,3,0,0,""
0,Read_CSV,22:36:48,0,"Inbox/Master.csv",1,1,3,3,0,0,""
0,Filter,22:36:48,0.001,"Style(=F)",1,1,3,3,7200,900,""
0,Build_Key_Value,22:36:48,0.001,"Product, Style => Table(key_value)",1,1,3,3,900,900,""
0,GetCsvPartitionAddress,22:36:48,0.066,"Inbox\4M_Fact.csv",0,99,0,5,0,0,""
0,Read_CSV,22:36:48,0.065,"Inbox\4M_Fact.csv",99,99,5,5,0,0,""
0,Filter,22:36:48,0.07,"Shop(S77..S78)",99,99,5,5,4000000,88648,""
0,JoinKeyValue,22:36:48,0.006,"Product, Style => Inner(key_value)",99,99,5,6,88648,88648,""
0,AddColumn,22:36:48,0.002,"Quantity, Unit_Price => Multiply(Amount)",99,99,6,7,12400,12400,""
0,Filter,22:36:48,0.001,"Amount:Float(>100000)",99,99,7,7,12400,112,""
0,AppendCsv,22:36:48,0,"Outbox/PeakGo-Detail-Result-4M_Fact.csv",99,1,7,7,112,112,""
0,Group_By,22:36:48,0.001,"Shop, Product => Count() Sum(Quantity) Sum(Amount)",99,1,7,5,112,26,""
0,Final_Group_By,22:36:48,0,"Shop, Product => Sum(Count) Sum(Quantity) Sum(Amount)",1,1,5,5,26,26,""
0,Write_CSV,22:36:48,0,"Outbox/Peakgo-Summary-Result-4M_Fact.csv",1,1,5,5,26,26,""
