Batch,Command,Start Time,Second,Command Setting,S Partition,E Partition,S Column,E Column,S Row,E Row,Error Message
0,GetCsvPartitionAddress,22:41:56,0.002,"Inbox/Master.csv",0,1,0,3,0,0,""
0,Read_CSV,22:41:56,0,"Inbox/Master.csv",1,1,3,3,0,0,""
0,Filter,22:41:56,0.001,"Style(=F)",1,1,3,3,7200,900,""
0,Build_Key_Value,22:41:56,0.001,"Product, Style => Table(key_value)",1,1,3,3,900,900,""
0,GetCsvPartitionAddress,22:41:56,0.167,"Inbox\58M_Fact.csv",0,287,0,5,0,0,""
0,Read_CSV,22:41:56,0.24,"Inbox\58M_Fact.csv",100,100,5,5,0,0,""
0,Filter,22:41:57,0.334,"Shop(S77..S78)",100,100,5,5,20235466,443240,""
0,JoinKeyValue,22:41:57,0.013,"Product, Style => Inner(key_value)",100,100,5,6,443240,443240,""
0,AddColumn,22:41:57,0.005,"Quantity, Unit_Price => Multiply(Amount)",100,100,6,7,62000,62000,""
0,Filter,22:41:57,0,"Amount:Float(>100000)",100,100,7,7,62000,560,""
0,AppendCsv,22:41:57,0,"Outbox/PeakGo-Detail-Result-58M_Fact.csv",100,1,7,7,560,560,""
0,Group_By,22:41:57,0,"Shop, Product => Count() Sum(Quantity) Sum(Amount)",100,1,7,5,560,26,""
1,Read_CSV,22:41:57,0.254,"Inbox\58M_Fact.csv",100,100,5,5,0,0,""
1,Filter,22:41:57,0.263,"Shop(S77..S78)",100,100,5,5,20235448,443240,""
1,JoinKeyValue,22:41:57,0.013,"Product, Style => Inner(key_value)",100,100,5,6,443240,443240,""
1,AddColumn,22:41:57,0.004,"Quantity, Unit_Price => Multiply(Amount)",100,100,6,7,62000,62000,""
1,Filter,22:41:57,0.001,"Amount:Float(>100000)",100,100,7,7,62000,560,""
1,AppendCsv,22:41:57,0,"Outbox/PeakGo-Detail-Result-58M_Fact.csv",100,1,7,7,560,560,""
1,Group_By,22:41:57,0.001,"Shop, Product => Count() Sum(Quantity) Sum(Amount)",100,1,7,5,560,26,""
2,Read_CSV,22:41:57,0.116,"Inbox\58M_Fact.csv",87,87,5,5,0,0,""
2,Filter,22:41:58,0.248,"Shop(S77..S78)",87,87,5,5,17529086,398916,""
2,JoinKeyValue,22:41:58,0.016,"Product, Style => Inner(key_value)",87,87,5,6,398916,398916,""
2,AddColumn,22:41:58,0.003,"Quantity, Unit_Price => Multiply(Amount)",87,87,6,7,55800,55800,""
2,Filter,22:41:58,0.006,"Amount:Float(>100000)",87,87,7,7,55800,504,""
2,AppendCsv,22:41:58,0,"Outbox/PeakGo-Detail-Result-58M_Fact.csv",87,1,7,7,504,504,""
2,Group_By,22:41:58,0,"Shop, Product => Count() Sum(Quantity) Sum(Amount)",87,1,7,5,504,26,""
0,Final_Group_By,22:41:58,0,"Shop, Product => Sum(Count) Sum(Quantity) Sum(Amount)",3,1,5,5,78,26,""
0,Write_CSV,22:41:58,0,"Outbox/Peakgo-Summary-Result-58M_Fact.csv",1,1,5,5,26,26,""
