Batch,Command,Start Time,Second,Command Setting,S Partition,E Partition,S Column,E Column,S Row,E Row,Error Message
0,GetCsvPartitionAddress,22:38:56,0.002,"Inbox/Master.csv",0,1,0,3,0,0,""
0,Read_CSV,22:38:56,0,"Inbox/Master.csv",1,1,3,3,0,0,""
0,Filter,22:38:56,0.001,"Style(=F)",1,1,3,3,7200,900,""
0,Build_Key_Value,22:38:56,0.001,"Product, Style => Table(key_value)",1,1,3,3,900,900,""
0,GetCsvPartitionAddress,22:38:56,0.105,"Inbox\36M_Fact.csv",0,178,0,5,0,0,""
0,Read_CSV,22:38:57,0.252,"Inbox\36M_Fact.csv",100,100,5,5,0,0,""
0,Filter,22:38:57,0.302,"Shop(S77..S78)",100,100,5,5,20235466,443240,""
0,JoinKeyValue,22:38:57,0.012,"Product, Style => Inner(key_value)",100,100,5,6,443240,443240,""
0,AddColumn,22:38:57,0.007,"Quantity, Unit_Price => Multiply(Amount)",100,100,6,7,62000,62000,""
0,Filter,22:38:57,0,"Amount:Float(>100000)",100,100,7,7,62000,560,""
0,AppendCsv,22:38:57,0,"Outbox/PeakGo-Detail-Result-36M_Fact.csv",100,1,7,7,560,560,""
0,Group_By,22:38:57,0.004,"Shop, Product => Count() Sum(Quantity) Sum(Amount)",100,1,7,5,560,26,""
1,Read_CSV,22:38:57,0.133,"Inbox\36M_Fact.csv",78,78,5,5,0,0,""
1,Filter,22:38:57,0.234,"Shop(S77..S78)",78,78,5,5,15764534,354592,""
1,JoinKeyValue,22:38:58,0.012,"Product, Style => Inner(key_value)",78,78,5,6,354592,354592,""
1,AddColumn,22:38:58,0.004,"Quantity, Unit_Price => Multiply(Amount)",78,78,6,7,49600,49600,""
1,Filter,22:38:58,0.001,"Amount:Float(>100000)",78,78,7,7,49600,448,""
1,AppendCsv,22:38:58,0.001,"Outbox/PeakGo-Detail-Result-36M_Fact.csv",78,1,7,7,448,448,""
1,Group_By,22:38:58,0.001,"Shop, Product => Count() Sum(Quantity) Sum(Amount)",78,1,7,5,448,26,""
0,Final_Group_By,22:38:58,0,"Shop, Product => Sum(Count) Sum(Quantity) Sum(Amount)",2,1,5,5,52,26,""
0,Write_CSV,22:38:58,0.002,"Outbox/Peakgo-Summary-Result-36M_Fact.csv",1,1,5,5,26,26,""
