Batch,Command,Start Time,Second,Command Setting,S Partition,E Partition,S Column,E Column,S Row,E Row,Error Message
0,Get_CSV_Partition_Address,23:16:54,0.001,"Inbox/Master.csv",0,1,0,3,0,0,""
0,Read_CSV,23:16:54,0,"Inbox/Master.csv",1,1,3,3,0,0,""
0,Filter,23:16:54,0.001,"Style(=F)",1,1,3,3,7200,900,""
0,Build_Key_Value,23:16:54,0,"Product, Style => Table(key_value)",1,1,3,3,900,900,""
0,Get_CSV_Partition_Address,23:16:54,0.002,"Inbox/1M_Fact.csv",0,25,0,5,0,0,""
0,Read_CSV,23:16:54,0.016,"Inbox/1M_Fact.csv",25,25,5,5,0,0,""
0,Filter,23:16:54,0.041,"Shop(S77..S78)",25,25,5,5,1000000,22162,""
0,Join_Key_Value,23:16:54,0.012,"Product, Style => Inner(key_value)",25,25,5,6,22162,3100,""
0,Add_Column,23:16:54,0.004,"Quantity, Unit_Price => Multiply(Amount)",25,25,6,7,3100,3100,""
0,Filter,23:16:54,0,"Amount:Float(>100000)",25,25,7,7,3100,28,""
0,Append_CSV,23:16:54,0,"Outbox/Peakrs-Detail-Result-1M_Fact.csv",25,1,7,7,28,28,""
0,Group_By,23:16:54,0.003,"Shop, Product => Count() Sum(Quantity) Sum(Amount)",25,1,7,5,28,26,""
0,Final_Group_By,23:16:54,0,"Shop, Product => Sum(Count) Sum(Quantity) Sum(Amount)",1,1,5,5,26,26,""
0,Write_CSV,23:16:54,0,"Outbox/Peakrs-Summary-Result-1M_Fact.csv",1,1,5,5,26,26,""
