Batch,Command,Start Time,Second,Command Setting,S Partition,E Partition,S Column,E Column,S Row,E Row,Error Message
0,GetCsvPartitionAddress,23:38:02,0.011,"Inbox/Master.csv",0,1,0,3,0,0,""
0,Read_CSV,23:38:02,0,"Inbox/Master.csv",1,1,3,3,0,0,""
0,Filter,23:38:02,0.003,"Style(=F)",1,1,3,3,7200,900,""
0,Build_Key_Value,23:38:02,0.003,"Product, Style => Table(key_value)",1,1,3,3,900,900,""
0,GetCsvPartitionAddress,23:38:02,0.448,"Inbox\91M_Fact.csv",0,450,0,5,0,0,""
0,Read_CSV,23:38:03,0.314,"Inbox\91M_Fact.csv",100,100,5,5,0,0,""
0,Filter,23:38:03,0.957,"Shop(S77..S78)",100,100,5,5,20235466,443240,""
0,JoinKeyValue,23:38:04,0.036,"Product, Style => Inner(key_value)",100,100,5,6,443240,443240,""
0,AddColumn,23:38:04,0.01,"Quantity, Unit_Price => Multiply(Amount)",100,100,6,7,62000,62000,""
0,Filter,23:38:04,0.016,"Amount:Float(>100000)",100,100,7,7,62000,560,""
0,AppendCsv,23:38:04,0.001,"Outbox/PeakGo-Detail-Result-91M_Fact.csv",100,1,7,7,560,560,""
0,Group_By,23:38:04,0.001,"Shop, Product => Count() Sum(Quantity) Sum(Amount)",100,1,7,5,560,26,""
1,Read_CSV,23:38:04,0.181,"Inbox\91M_Fact.csv",100,100,5,5,0,0,""
1,Filter,23:38:04,0.827,"Shop(S77..S78)",100,100,5,5,20235448,443240,""
1,JoinKeyValue,23:38:05,0.084,"Product, Style => Inner(key_value)",100,100,5,6,443240,443240,""
1,AddColumn,23:38:05,0.01,"Quantity, Unit_Price => Multiply(Amount)",100,100,6,7,62000,62000,""
1,Filter,23:38:05,0.021,"Amount:Float(>100000)",100,100,7,7,62000,560,""
1,AppendCsv,23:38:05,0,"Outbox/PeakGo-Detail-Result-91M_Fact.csv",100,1,7,7,560,560,""
1,Group_By,23:38:05,0,"Shop, Product => Count() Sum(Quantity) Sum(Amount)",100,1,7,5,560,26,""
2,Read_CSV,23:38:05,0.151,"Inbox\91M_Fact.csv",100,100,5,5,0,0,""
2,Filter,23:38:05,0.828,"Shop(S77..S78)",100,100,5,5,20235448,443240,""
2,JoinKeyValue,23:38:06,0.036,"Product, Style => Inner(key_value)",100,100,5,6,443240,443240,""
2,AddColumn,23:38:06,0.01,"Quantity, Unit_Price => Multiply(Amount)",100,100,6,7,62000,62000,""
2,Filter,23:38:06,0,"Amount:Float(>100000)",100,100,7,7,62000,560,""
2,AppendCsv,23:38:06,0,"Outbox/PeakGo-Detail-Result-91M_Fact.csv",100,1,7,7,560,560,""
2,Group_By,23:38:06,0,"Shop, Product => Count() Sum(Quantity) Sum(Amount)",100,1,7,5,560,26,""
3,Read_CSV,23:38:06,0.205,"Inbox\91M_Fact.csv",100,100,5,5,0,0,""
3,Filter,23:38:06,0.826,"Shop(S77..S78)",100,100,5,5,20235452,465402,""
3,JoinKeyValue,23:38:07,0.047,"Product, Style => Inner(key_value)",100,100,5,6,465402,465402,""
3,AddColumn,23:38:07,0.01,"Quantity, Unit_Price => Multiply(Amount)",100,100,6,7,65100,65100,""
3,Filter,23:38:07,0.01,"Amount:Float(>100000)",100,100,7,7,65100,588,""
3,AppendCsv,23:38:07,0,"Outbox/PeakGo-Detail-Result-91M_Fact.csv",100,1,7,7,588,588,""
3,Group_By,23:38:07,0,"Shop, Product => Count() Sum(Quantity) Sum(Amount)",100,1,7,5,588,26,""
4,Read_CSV,23:38:07,0.094,"Inbox\91M_Fact.csv",50,50,5,5,0,0,""
4,Filter,23:38:07,0.457,"Shop(S77..S78)",50,50,5,5,10058186,221620,""
4,JoinKeyValue,23:38:08,0.025,"Product, Style => Inner(key_value)",50,50,5,6,221620,221620,""
4,AddColumn,23:38:08,0.005,"Quantity, Unit_Price => Multiply(Amount)",50,50,6,7,31000,31000,""
4,Filter,23:38:08,0,"Amount:Float(>100000)",50,50,7,7,31000,280,""
4,AppendCsv,23:38:08,0,"Outbox/PeakGo-Detail-Result-91M_Fact.csv",50,1,7,7,280,280,""
4,Group_By,23:38:08,0,"Shop, Product => Count() Sum(Quantity) Sum(Amount)",50,1,7,5,280,26,""
0,Final_Group_By,23:38:08,0,"Shop, Product => Sum(Count) Sum(Quantity) Sum(Amount)",5,1,5,5,130,26,""
0,Write_CSV,23:38:08,0,"Outbox/Peakgo-Summary-Result-91M_Fact.csv",1,1,5,5,26,26,""
