Batch,Command,Start Time,Second,Command Setting,S Partition,E Partition,S Column,E Column,S Row,E Row,Error Message
0,Get_CSV_Partition_Address,23:37:56,0.001,"Inbox/Master.csv",0,1,0,3,0,0,""
0,Read_CSV,23:37:56,0,"Inbox/Master.csv",1,1,3,3,0,0,""
0,Filter,23:37:56,0.001,"Style(=F)",1,1,3,3,7200,900,""
0,Build_Key_Value,23:37:56,0.001,"Product, Style => Table(key_value)",1,1,3,3,900,900,""
0,Get_CSV_Partition_Address,23:37:56,0.013,"Inbox/91M_Fact.csv",0,450,0,5,0,0,""
0,Read_CSV,23:37:56,0.245,"Inbox/91M_Fact.csv",100,100,5,5,0,0,""
0,Filter,23:37:57,0.774,"Shop(S77..S78)",100,100,5,5,20235466,443240,""
0,Join_Key_Value,23:37:58,0.052,"Product, Style => Inner(key_value)",100,100,5,6,443240,62000,""
0,Add_Column,23:37:58,0.018,"Quantity, Unit_Price => Multiply(Amount)",100,100,6,7,62000,62000,""
0,Filter,23:37:58,0.005,"Amount:Float(>100000)",100,100,7,7,62000,560,""
0,Append_CSV,23:37:58,0,"Outbox/Peakrs-Detail-Result-91M_Fact.csv",100,1,7,7,560,560,""
0,Group_By,23:37:58,0.005,"Shop, Product => Count() Sum(Quantity) Sum(Amount)",100,1,7,5,560,26,""
1,Read_CSV,23:37:58,0.273,"Inbox/91M_Fact.csv",100,100,5,5,0,0,""
1,Filter,23:37:58,0.821,"Shop(S77..S78)",100,100,5,5,20235448,443240,""
1,Join_Key_Value,23:37:59,0.044,"Product, Style => Inner(key_value)",100,100,5,6,443240,62000,""
1,Add_Column,23:37:59,0.013,"Quantity, Unit_Price => Multiply(Amount)",100,100,6,7,62000,62000,""
1,Filter,23:37:59,0.004,"Amount:Float(>100000)",100,100,7,7,62000,560,""
1,Append_CSV,23:37:59,0,"Outbox/Peakrs-Detail-Result-91M_Fact.csv",100,1,7,7,560,560,""
1,Group_By,23:37:59,0.004,"Shop, Product => Count() Sum(Quantity) Sum(Amount)",100,1,7,5,560,26,""
2,Read_CSV,23:37:59,0.288,"Inbox/91M_Fact.csv",100,100,5,5,0,0,""
2,Filter,23:37:59,0.833,"Shop(S77..S78)",100,100,5,5,20235448,443240,""
2,Join_Key_Value,23:38:00,0.08,"Product, Style => Inner(key_value)",100,100,5,6,443240,62000,""
2,Add_Column,23:38:00,0.015,"Quantity, Unit_Price => Multiply(Amount)",100,100,6,7,62000,62000,""
2,Filter,23:38:00,0.005,"Amount:Float(>100000)",100,100,7,7,62000,560,""
2,Append_CSV,23:38:00,0,"Outbox/Peakrs-Detail-Result-91M_Fact.csv",100,1,7,7,560,560,""
2,Group_By,23:38:00,0.006,"Shop, Product => Count() Sum(Quantity) Sum(Amount)",100,1,7,5,560,26,""
3,Read_CSV,23:38:00,0.243,"Inbox/91M_Fact.csv",100,100,5,5,0,0,""
3,Filter,23:38:00,0.774,"Shop(S77..S78)",100,100,5,5,20235452,465402,""
3,Join_Key_Value,23:38:01,0.045,"Product, Style => Inner(key_value)",100,100,5,6,465402,65100,""
3,Add_Column,23:38:01,0.016,"Quantity, Unit_Price => Multiply(Amount)",100,100,6,7,65100,65100,""
3,Filter,23:38:01,0.005,"Amount:Float(>100000)",100,100,7,7,65100,588,""
3,Append_CSV,23:38:01,0,"Outbox/Peakrs-Detail-Result-91M_Fact.csv",100,1,7,7,588,588,""
3,Group_By,23:38:01,0.004,"Shop, Product => Count() Sum(Quantity) Sum(Amount)",100,1,7,5,588,26,""
4,Read_CSV,23:38:01,0.122,"Inbox/91M_Fact.csv",50,50,5,5,0,0,""
4,Filter,23:38:01,0.45,"Shop(S77..S78)",50,50,5,5,10058186,221620,""
4,Join_Key_Value,23:38:02,0.025,"Product, Style => Inner(key_value)",50,50,5,6,221620,31000,""
4,Add_Column,23:38:02,0.009,"Quantity, Unit_Price => Multiply(Amount)",50,50,6,7,31000,31000,""
4,Filter,23:38:02,0.003,"Amount:Float(>100000)",50,50,7,7,31000,280,""
4,Append_CSV,23:38:02,0,"Outbox/Peakrs-Detail-Result-91M_Fact.csv",50,1,7,7,280,280,""
4,Group_By,23:38:02,0.005,"Shop, Product => Count() Sum(Quantity) Sum(Amount)",50,1,7,5,280,26,""
0,Final_Group_By,23:38:02,0,"Shop, Product => Sum(Count) Sum(Quantity) Sum(Amount)",5,1,5,5,130,26,""
0,Write_CSV,23:38:02,0,"Outbox/Peakrs-Summary-Result-91M_Fact.csv",1,1,5,5,26,26,""
