Batch,Command,Start Time,Second,Command Setting,S Partition,E Partition,S Column,E Column,S Row,E Row,Error Message
0,Get_CSV_Partition_Address,23:22:51,0.001,"Inbox/Master.csv",0,1,0,3,0,0,""
0,Read_CSV,23:22:51,0,"Inbox/Master.csv",1,1,3,3,0,0,""
0,Filter,23:22:51,0.001,"Style(=F)",1,1,3,3,7200,900,""
0,Build_Key_Value,23:22:51,0.001,"Product, Style => Table(key_value)",1,1,3,3,900,900,""
0,Get_CSV_Partition_Address,23:22:51,0.007,"Inbox/47M_Fact.csv",0,233,0,5,0,0,""
0,Read_CSV,23:22:51,0.262,"Inbox/47M_Fact.csv",100,100,5,5,0,0,""
0,Filter,23:22:51,0.779,"Shop(S77..S78)",100,100,5,5,20235466,443240,""
0,Join_Key_Value,23:22:52,0.032,"Product, Style => Inner(key_value)",100,100,5,6,443240,62000,""
0,Add_Column,23:22:52,0.021,"Quantity, Unit_Price => Multiply(Amount)",100,100,6,7,62000,62000,""
0,Filter,23:22:52,0.005,"Amount:Float(>100000)",100,100,7,7,62000,560,""
0,Append_CSV,23:22:52,0,"Outbox/Peakrs-Detail-Result-47M_Fact.csv",100,1,7,7,560,560,""
0,Group_By,23:22:52,0.004,"Shop, Product => Count() Sum(Quantity) Sum(Amount)",100,1,7,5,560,26,""
1,Read_CSV,23:22:52,0.274,"Inbox/47M_Fact.csv",100,100,5,5,0,0,""
1,Filter,23:22:52,0.817,"Shop(S77..S78)",100,100,5,5,20235448,443240,""
1,Join_Key_Value,23:22:53,0.045,"Product, Style => Inner(key_value)",100,100,5,6,443240,62000,""
1,Add_Column,23:22:53,0.021,"Quantity, Unit_Price => Multiply(Amount)",100,100,6,7,62000,62000,""
1,Filter,23:22:53,0.006,"Amount:Float(>100000)",100,100,7,7,62000,560,""
1,Append_CSV,23:22:53,0,"Outbox/Peakrs-Detail-Result-47M_Fact.csv",100,1,7,7,560,560,""
1,Group_By,23:22:53,0.005,"Shop, Product => Count() Sum(Quantity) Sum(Amount)",100,1,7,5,560,26,""
2,Read_CSV,23:22:53,0.079,"Inbox/47M_Fact.csv",33,33,5,5,0,0,""
2,Filter,23:22:53,0.261,"Shop(S77..S78)",33,33,5,5,6529086,155134,""
2,Join_Key_Value,23:22:54,0.02,"Product, Style => Inner(key_value)",33,33,5,6,155134,21700,""
2,Add_Column,23:22:54,0.004,"Quantity, Unit_Price => Multiply(Amount)",33,33,6,7,21700,21700,""
2,Filter,23:22:54,0.001,"Amount:Float(>100000)",33,33,7,7,21700,196,""
2,Append_CSV,23:22:54,0,"Outbox/Peakrs-Detail-Result-47M_Fact.csv",33,1,7,7,196,196,""
2,Group_By,23:22:54,0.003,"Shop, Product => Count() Sum(Quantity) Sum(Amount)",33,1,7,5,196,26,""
0,Final_Group_By,23:22:54,0,"Shop, Product => Sum(Count) Sum(Quantity) Sum(Amount)",3,1,5,5,78,26,""
0,Write_CSV,23:22:54,0,"Outbox/Peakrs-Summary-Result-47M_Fact.csv",1,1,5,5,26,26,""
