Batch,Command,Start Time,Second,Command Setting,S Partition,E Partition,S Column,E Column,S Row,E Row,Error Message
0,GetCsvPartitionAddress,22:37:49,0.002,"Inbox/Master.csv",0,1,0,3,0,0,""
0,Read_CSV,22:37:49,0,"Inbox/Master.csv",1,1,3,3,0,0,""
0,Filter,22:37:49,0.001,"Style(=F)",1,1,3,3,7200,900,""
0,Build_Key_Value,22:37:49,0.001,"Product, Style => Table(key_value)",1,1,3,3,900,900,""
0,GetCsvPartitionAddress,22:37:49,0.068,"Inbox\22M_Fact.csv",0,109,0,5,0,0,""
0,Read_CSV,22:37:49,0.245,"Inbox\22M_Fact.csv",100,100,5,5,0,0,""
0,Filter,22:37:49,0.296,"Shop(S77..S78)",100,100,5,5,20235466,443240,""
0,JoinKeyValue,22:37:49,0.012,"Product, Style => Inner(key_value)",100,100,5,6,443240,443240,""
0,AddColumn,22:37:49,0.003,"Quantity, Unit_Price => Multiply(Amount)",100,100,6,7,62000,62000,""
0,Filter,22:37:49,0.003,"Amount:Float(>100000)",100,100,7,7,62000,560,""
0,AppendCsv,22:37:49,0,"Outbox/PeakGo-Detail-Result-22M_Fact.csv",100,1,7,7,560,560,""
0,Group_By,22:37:49,0,"Shop, Product => Count() Sum(Quantity) Sum(Amount)",100,1,7,5,560,26,""
1,Read_CSV,22:37:49,0.018,"Inbox\22M_Fact.csv",9,9,5,5,0,0,""
1,Filter,22:37:49,0.029,"Shop(S77..S78)",9,9,5,5,1764534,44324,""
1,JoinKeyValue,22:37:49,0.004,"Product, Style => Inner(key_value)",9,9,5,6,44324,44324,""
1,AddColumn,22:37:49,0.005,"Quantity, Unit_Price => Multiply(Amount)",9,9,6,7,6200,6200,""
1,Filter,22:37:49,0,"Amount:Float(>100000)",9,9,7,7,6200,56,""
1,AppendCsv,22:37:49,0,"Outbox/PeakGo-Detail-Result-22M_Fact.csv",9,1,7,7,56,56,""
1,Group_By,22:37:49,0,"Shop, Product => Count() Sum(Quantity) Sum(Amount)",9,1,7,5,56,26,""
0,Final_Group_By,22:37:49,0,"Shop, Product => Sum(Count) Sum(Quantity) Sum(Amount)",2,1,5,5,52,26,""
0,Write_CSV,22:37:49,0,"Outbox/Peakgo-Summary-Result-22M_Fact.csv",1,1,5,5,26,26,""
