Batch,Command,Start Time,Second,Command Setting,S Partition,E Partition,S Column,E Column,S Row,E Row,Error Message
0,GetCsvPartitionAddress,23:23:53,0.003,"Inbox/Master.csv",0,1,0,3,0,0,""
0,Read_CSV,23:23:53,0,"Inbox/Master.csv",1,1,3,3,0,0,""
0,Filter,23:23:53,0.001,"Style(=F)",1,1,3,3,7200,900,""
0,Build_Key_Value,23:23:53,0.001,"Product, Style => Table(key_value)",1,1,3,3,900,900,""
0,GetCsvPartitionAddress,23:23:53,0.255,"Inbox\51M_Fact.csv",0,253,0,5,0,0,""
0,Read_CSV,23:23:53,0.301,"Inbox\51M_Fact.csv",100,100,5,5,0,0,""
0,Filter,23:23:54,1.037,"Shop(S77..S78)",100,100,5,5,20235466,443240,""
0,JoinKeyValue,23:23:55,0.036,"Product, Style => Inner(key_value)",100,100,5,6,443240,443240,""
0,AddColumn,23:23:55,0.026,"Quantity, Unit_Price => Multiply(Amount)",100,100,6,7,62000,62000,""
0,Filter,23:23:55,0,"Amount:Float(>100000)",100,100,7,7,62000,560,""
0,AppendCsv,23:23:55,0,"Outbox/PeakGo-Detail-Result-51M_Fact.csv",100,1,7,7,560,560,""
0,Group_By,23:23:55,0,"Shop, Product => Count() Sum(Quantity) Sum(Amount)",100,1,7,5,560,26,""
1,Read_CSV,23:23:55,0.226,"Inbox\51M_Fact.csv",100,100,5,5,0,0,""
1,Filter,23:23:55,0.886,"Shop(S77..S78)",100,100,5,5,20235448,443240,""
1,JoinKeyValue,23:23:56,0.036,"Product, Style => Inner(key_value)",100,100,5,6,443240,443240,""
1,AddColumn,23:23:56,0.011,"Quantity, Unit_Price => Multiply(Amount)",100,100,6,7,62000,62000,""
1,Filter,23:23:56,0.018,"Amount:Float(>100000)",100,100,7,7,62000,560,""
1,AppendCsv,23:23:56,0,"Outbox/PeakGo-Detail-Result-51M_Fact.csv",100,1,7,7,560,560,""
1,Group_By,23:23:56,0,"Shop, Product => Count() Sum(Quantity) Sum(Amount)",100,1,7,5,560,26,""
2,Read_CSV,23:23:56,0.087,"Inbox\51M_Fact.csv",53,53,5,5,0,0,""
2,Filter,23:23:56,0.444,"Shop(S77..S78)",53,53,5,5,10529086,243782,""
2,JoinKeyValue,23:23:57,0.024,"Product, Style => Inner(key_value)",53,53,5,6,243782,243782,""
2,AddColumn,23:23:57,0.009,"Quantity, Unit_Price => Multiply(Amount)",53,53,6,7,34100,34100,""
2,Filter,23:23:57,0,"Amount:Float(>100000)",53,53,7,7,34100,308,""
2,AppendCsv,23:23:57,0,"Outbox/PeakGo-Detail-Result-51M_Fact.csv",53,1,7,7,308,308,""
2,Group_By,23:23:57,0,"Shop, Product => Count() Sum(Quantity) Sum(Amount)",53,1,7,5,308,26,""
0,Final_Group_By,23:23:57,0,"Shop, Product => Sum(Count) Sum(Quantity) Sum(Amount)",3,1,5,5,78,26,""
0,Write_CSV,23:23:57,0,"Outbox/Peakgo-Summary-Result-51M_Fact.csv",1,1,5,5,26,26,""
