Batch,Command,Start Time,Second,Command Setting,S Partition,E Partition,S Column,E Column,S Row,E Row,Error Message
0,Get_CSV_Partition_Address,23:31:23,0.003,"Inbox/Master.csv",0,1,0,3,0,0,""
0,Read_CSV,23:31:23,0,"Inbox/Master.csv",1,1,3,3,0,0,""
0,Filter,23:31:23,0.002,"Style(=F)",1,1,3,3,7200,900,""
0,Build_Key_Value,23:31:23,0.002,"Product, Style => Table(key_value)",1,1,3,3,900,900,""
0,Get_CSV_Partition_Address,23:31:23,0.01,"Inbox/75M_Fact.csv",0,371,0,5,0,0,""
0,Read_CSV,23:31:23,0.244,"Inbox/75M_Fact.csv",100,100,5,5,0,0,""
0,Filter,23:31:23,0.776,"Shop(S77..S78)",100,100,5,5,20235466,443240,""
0,Join_Key_Value,23:31:24,0.068,"Product, Style => Inner(key_value)",100,100,5,6,443240,62000,""
0,Add_Column,23:31:24,0.025,"Quantity, Unit_Price => Multiply(Amount)",100,100,6,7,62000,62000,""
0,Filter,23:31:24,0.005,"Amount:Float(>100000)",100,100,7,7,62000,560,""
0,Append_CSV,23:31:24,0,"Outbox/Peakrs-Detail-Result-75M_Fact.csv",100,1,7,7,560,560,""
0,Group_By,23:31:24,0.006,"Shop, Product => Count() Sum(Quantity) Sum(Amount)",100,1,7,5,560,26,""
1,Read_CSV,23:31:24,0.249,"Inbox/75M_Fact.csv",100,100,5,5,0,0,""
1,Filter,23:31:25,0.832,"Shop(S77..S78)",100,100,5,5,20235448,443240,""
1,Join_Key_Value,23:31:25,0.043,"Product, Style => Inner(key_value)",100,100,5,6,443240,62000,""
1,Add_Column,23:31:25,0.013,"Quantity, Unit_Price => Multiply(Amount)",100,100,6,7,62000,62000,""
1,Filter,23:31:25,0.005,"Amount:Float(>100000)",100,100,7,7,62000,560,""
1,Append_CSV,23:31:26,0,"Outbox/Peakrs-Detail-Result-75M_Fact.csv",100,1,7,7,560,560,""
1,Group_By,23:31:26,0.003,"Shop, Product => Count() Sum(Quantity) Sum(Amount)",100,1,7,5,560,26,""
2,Read_CSV,23:31:26,0.258,"Inbox/75M_Fact.csv",100,100,5,5,0,0,""
2,Filter,23:31:26,0.803,"Shop(S77..S78)",100,100,5,5,20235448,443240,""
2,Join_Key_Value,23:31:27,0.045,"Product, Style => Inner(key_value)",100,100,5,6,443240,62000,""
2,Add_Column,23:31:27,0.013,"Quantity, Unit_Price => Multiply(Amount)",100,100,6,7,62000,62000,""
2,Filter,23:31:27,0.005,"Amount:Float(>100000)",100,100,7,7,62000,560,""
2,Append_CSV,23:31:27,0,"Outbox/Peakrs-Detail-Result-75M_Fact.csv",100,1,7,7,560,560,""
2,Group_By,23:31:27,0.004,"Shop, Product => Count() Sum(Quantity) Sum(Amount)",100,1,7,5,560,26,""
3,Read_CSV,23:31:27,0.172,"Inbox/75M_Fact.csv",71,71,5,5,0,0,""
3,Filter,23:31:27,0.607,"Shop(S77..S78)",71,71,5,5,14293638,332430,""
3,Join_Key_Value,23:31:28,0.033,"Product, Style => Inner(key_value)",71,71,5,6,332430,46500,""
3,Add_Column,23:31:28,0.011,"Quantity, Unit_Price => Multiply(Amount)",71,71,6,7,46500,46500,""
3,Filter,23:31:28,0.006,"Amount:Float(>100000)",71,71,7,7,46500,420,""
3,Append_CSV,23:31:28,0,"Outbox/Peakrs-Detail-Result-75M_Fact.csv",71,1,7,7,420,420,""
3,Group_By,23:31:28,0.006,"Shop, Product => Count() Sum(Quantity) Sum(Amount)",71,1,7,5,420,26,""
0,Final_Group_By,23:31:28,0,"Shop, Product => Sum(Count) Sum(Quantity) Sum(Amount)",4,1,5,5,104,26,""
0,Write_CSV,23:31:28,0.001,"Outbox/Peakrs-Summary-Result-75M_Fact.csv",1,1,5,5,26,26,""
