Batch,Command,Start Time,Second,Command Setting,S Partition,E Partition,S Column,E Column,S Row,E Row,Error Message
0,Get_CSV_Partition_Address,23:19:39,0.003,"Inbox/Master.csv",0,1,0,3,0,0,""
0,Read_CSV,23:19:39,0,"Inbox/Master.csv",1,1,3,3,0,0,""
0,Filter,23:19:39,0.002,"Style(=F)",1,1,3,3,7200,900,""
0,Build_Key_Value,23:19:39,0.001,"Product, Style => Table(key_value)",1,1,3,3,900,900,""
0,Get_CSV_Partition_Address,23:19:39,0.006,"Inbox/31M_Fact.csv",0,154,0,5,0,0,""
0,Read_CSV,23:19:39,0.254,"Inbox/31M_Fact.csv",100,100,5,5,0,0,""
0,Filter,23:19:39,0.816,"Shop(S77..S78)",100,100,5,5,20235466,443240,""
0,Join_Key_Value,23:19:40,0.043,"Product, Style => Inner(key_value)",100,100,5,6,443240,62000,""
0,Add_Column,23:19:40,0.013,"Quantity, Unit_Price => Multiply(Amount)",100,100,6,7,62000,62000,""
0,Filter,23:19:40,0.005,"Amount:Float(>100000)",100,100,7,7,62000,560,""
0,Append_CSV,23:19:40,0,"Outbox/Peakrs-Detail-Result-31M_Fact.csv",100,1,7,7,560,560,""
0,Group_By,23:19:40,0.005,"Shop, Product => Count() Sum(Quantity) Sum(Amount)",100,1,7,5,560,26,""
1,Read_CSV,23:19:40,0.155,"Inbox/31M_Fact.csv",54,54,5,5,0,0,""
1,Filter,23:19:41,0.43,"Shop(S77..S78)",54,54,5,5,10764534,243782,""
1,Join_Key_Value,23:19:41,0.03,"Product, Style => Inner(key_value)",54,54,5,6,243782,34100,""
1,Add_Column,23:19:41,0.007,"Quantity, Unit_Price => Multiply(Amount)",54,54,6,7,34100,34100,""
1,Filter,23:19:41,0.003,"Amount:Float(>100000)",54,54,7,7,34100,308,""
1,Append_CSV,23:19:41,0,"Outbox/Peakrs-Detail-Result-31M_Fact.csv",54,1,7,7,308,308,""
1,Group_By,23:19:41,0.006,"Shop, Product => Count() Sum(Quantity) Sum(Amount)",54,1,7,5,308,26,""
0,Final_Group_By,23:19:41,0,"Shop, Product => Sum(Count) Sum(Quantity) Sum(Amount)",2,1,5,5,52,26,""
0,Write_CSV,23:19:41,0,"Outbox/Peakrs-Summary-Result-31M_Fact.csv",1,1,5,5,26,26,""
