Batch,Command,Start Time,Second,Command Setting,S Partition,E Partition,S Column,E Column,S Row,E Row,Error Message
0,Get_CSV_Partition_Address,23:17:06,0.001,"Inbox/Master.csv",0,1,0,3,0,0,""
0,Read_CSV,23:17:06,0,"Inbox/Master.csv",1,1,3,3,0,0,""
0,Filter,23:17:06,0.001,"Style(=F)",1,1,3,3,7200,900,""
0,Build_Key_Value,23:17:06,0,"Product, Style => Table(key_value)",1,1,3,3,900,900,""
0,Get_CSV_Partition_Address,23:17:06,0.004,"Inbox/7M_Fact.csv",0,173,0,5,0,0,""
0,Read_CSV,23:17:06,0.051,"Inbox/7M_Fact.csv",100,100,5,5,0,0,""
0,Filter,23:17:06,0.183,"Shop(S77..S78)",100,100,5,5,4047094,88648,""
0,Join_Key_Value,23:17:06,0.014,"Product, Style => Inner(key_value)",100,100,5,6,88648,12400,""
0,Add_Column,23:17:06,0.005,"Quantity, Unit_Price => Multiply(Amount)",100,100,6,7,12400,12400,""
0,Filter,23:17:06,0.001,"Amount:Float(>100000)",100,100,7,7,12400,112,""
0,Append_CSV,23:17:06,0,"Outbox/Peakrs-Detail-Result-7M_Fact.csv",100,1,7,7,112,112,""
0,Group_By,23:17:06,0.004,"Shop, Product => Count() Sum(Quantity) Sum(Amount)",100,1,7,5,112,26,""
1,Read_CSV,23:17:06,0.034,"Inbox/7M_Fact.csv",73,73,5,5,0,0,""
1,Filter,23:17:06,0.116,"Shop(S77..S78)",73,73,5,5,2952906,66486,""
1,Join_Key_Value,23:17:06,0.015,"Product, Style => Inner(key_value)",73,73,5,6,66486,9300,""
1,Add_Column,23:17:06,0.003,"Quantity, Unit_Price => Multiply(Amount)",73,73,6,7,9300,9300,""
1,Filter,23:17:06,0.001,"Amount:Float(>100000)",73,73,7,7,9300,84,""
1,Append_CSV,23:17:06,0,"Outbox/Peakrs-Detail-Result-7M_Fact.csv",73,1,7,7,84,84,""
1,Group_By,23:17:06,0.003,"Shop, Product => Count() Sum(Quantity) Sum(Amount)",73,1,7,5,84,26,""
0,Final_Group_By,23:17:06,0,"Shop, Product => Sum(Count) Sum(Quantity) Sum(Amount)",2,1,5,5,52,26,""
0,Write_CSV,23:17:06,0,"Outbox/Peakrs-Summary-Result-7M_Fact.csv",1,1,5,5,26,26,""
