Batch,Command,Start Time,Second,Command Setting,S Partition,E Partition,S Column,E Column,S Row,E Row,Error Message
0,Get_CSV_Partition_Address,23:36:11,0.002,"Inbox/Master.csv",0,1,0,3,0,0,""
0,Read_CSV,23:36:11,0,"Inbox/Master.csv",1,1,3,3,0,0,""
0,Filter,23:36:11,0.001,"Style(=F)",1,1,3,3,7200,900,""
0,Build_Key_Value,23:36:11,0,"Product, Style => Table(key_value)",1,1,3,3,900,900,""
0,Get_CSV_Partition_Address,23:36:11,0.009,"Inbox/87M_Fact.csv",0,430,0,5,0,0,""
0,Read_CSV,23:36:11,0.241,"Inbox/87M_Fact.csv",100,100,5,5,0,0,""
0,Filter,23:36:12,0.852,"Shop(S77..S78)",100,100,5,5,20235466,443240,""
0,Join_Key_Value,23:36:13,0.049,"Product, Style => Inner(key_value)",100,100,5,6,443240,62000,""
0,Add_Column,23:36:13,0.024,"Quantity, Unit_Price => Multiply(Amount)",100,100,6,7,62000,62000,""
0,Filter,23:36:13,0.005,"Amount:Float(>100000)",100,100,7,7,62000,560,""
0,Append_CSV,23:36:13,0,"Outbox/Peakrs-Detail-Result-87M_Fact.csv",100,1,7,7,560,560,""
0,Group_By,23:36:13,0.004,"Shop, Product => Count() Sum(Quantity) Sum(Amount)",100,1,7,5,560,26,""
1,Read_CSV,23:36:13,0.224,"Inbox/87M_Fact.csv",100,100,5,5,0,0,""
1,Filter,23:36:13,0.811,"Shop(S77..S78)",100,100,5,5,20235448,443240,""
1,Join_Key_Value,23:36:14,0.043,"Product, Style => Inner(key_value)",100,100,5,6,443240,62000,""
1,Add_Column,23:36:14,0.011,"Quantity, Unit_Price => Multiply(Amount)",100,100,6,7,62000,62000,""
1,Filter,23:36:14,0.004,"Amount:Float(>100000)",100,100,7,7,62000,560,""
1,Append_CSV,23:36:14,0,"Outbox/Peakrs-Detail-Result-87M_Fact.csv",100,1,7,7,560,560,""
1,Group_By,23:36:14,0.005,"Shop, Product => Count() Sum(Quantity) Sum(Amount)",100,1,7,5,560,26,""
2,Read_CSV,23:36:14,0.263,"Inbox/87M_Fact.csv",100,100,5,5,0,0,""
2,Filter,23:36:14,0.805,"Shop(S77..S78)",100,100,5,5,20235448,443240,""
2,Join_Key_Value,23:36:15,0.046,"Product, Style => Inner(key_value)",100,100,5,6,443240,62000,""
2,Add_Column,23:36:15,0.016,"Quantity, Unit_Price => Multiply(Amount)",100,100,6,7,62000,62000,""
2,Filter,23:36:15,0.004,"Amount:Float(>100000)",100,100,7,7,62000,560,""
2,Append_CSV,23:36:15,0,"Outbox/Peakrs-Detail-Result-87M_Fact.csv",100,1,7,7,560,560,""
2,Group_By,23:36:15,0.004,"Shop, Product => Count() Sum(Quantity) Sum(Amount)",100,1,7,5,560,26,""
3,Read_CSV,23:36:15,0.244,"Inbox/87M_Fact.csv",100,100,5,5,0,0,""
3,Filter,23:36:15,0.803,"Shop(S77..S78)",100,100,5,5,20235452,465402,""
3,Join_Key_Value,23:36:16,0.036,"Product, Style => Inner(key_value)",100,100,5,6,465402,65100,""
3,Add_Column,23:36:16,0.011,"Quantity, Unit_Price => Multiply(Amount)",100,100,6,7,65100,65100,""
3,Filter,23:36:16,0.004,"Amount:Float(>100000)",100,100,7,7,65100,588,""
3,Append_CSV,23:36:16,0,"Outbox/Peakrs-Detail-Result-87M_Fact.csv",100,1,7,7,588,588,""
3,Group_By,23:36:16,0.004,"Shop, Product => Count() Sum(Quantity) Sum(Amount)",100,1,7,5,588,26,""
4,Read_CSV,23:36:16,0.074,"Inbox/87M_Fact.csv",30,30,5,5,0,0,""
4,Filter,23:36:16,0.241,"Shop(S77..S78)",30,30,5,5,6058186,132972,""
4,Join_Key_Value,23:36:16,0.019,"Product, Style => Inner(key_value)",30,30,5,6,132972,18600,""
4,Add_Column,23:36:17,0.006,"Quantity, Unit_Price => Multiply(Amount)",30,30,6,7,18600,18600,""
4,Filter,23:36:17,0.001,"Amount:Float(>100000)",30,30,7,7,18600,168,""
4,Append_CSV,23:36:17,0,"Outbox/Peakrs-Detail-Result-87M_Fact.csv",30,1,7,7,168,168,""
4,Group_By,23:36:17,0.004,"Shop, Product => Count() Sum(Quantity) Sum(Amount)",30,1,7,5,168,26,""
0,Final_Group_By,23:36:17,0,"Shop, Product => Sum(Count) Sum(Quantity) Sum(Amount)",5,1,5,5,130,26,""
0,Write_CSV,23:36:17,0,"Outbox/Peakrs-Summary-Result-87M_Fact.csv",1,1,5,5,26,26,""
