Batch,Command,Start Time,Second,Command Setting,S Partition,E Partition,S Column,E Column,S Row,E Row,Error Message
0,GetCsvPartitionAddress,23:36:17,0.003,"Inbox/Master.csv",0,1,0,3,0,0,""
0,Read_CSV,23:36:17,0,"Inbox/Master.csv",1,1,3,3,0,0,""
0,Filter,23:36:17,0.001,"Style(=F)",1,1,3,3,7200,900,""
0,Build_Key_Value,23:36:17,0.001,"Product, Style => Table(key_value)",1,1,3,3,900,900,""
0,GetCsvPartitionAddress,23:36:17,0.438,"Inbox\87M_Fact.csv",0,430,0,5,0,0,""
0,Read_CSV,23:36:17,0.321,"Inbox\87M_Fact.csv",100,100,5,5,0,0,""
0,Filter,23:36:17,0.963,"Shop(S77..S78)",100,100,5,5,20235466,443240,""
0,JoinKeyValue,23:36:18,0.046,"Product, Style => Inner(key_value)",100,100,5,6,443240,443240,""
0,AddColumn,23:36:18,0.012,"Quantity, Unit_Price => Multiply(Amount)",100,100,6,7,62000,62000,""
0,Filter,23:36:18,0,"Amount:Float(>100000)",100,100,7,7,62000,560,""
0,AppendCsv,23:36:18,0.01,"Outbox/PeakGo-Detail-Result-87M_Fact.csv",100,1,7,7,560,560,""
0,Group_By,23:36:18,0,"Shop, Product => Count() Sum(Quantity) Sum(Amount)",100,1,7,5,560,26,""
1,Read_CSV,23:36:18,0.199,"Inbox\87M_Fact.csv",100,100,5,5,0,0,""
1,Filter,23:36:19,0.828,"Shop(S77..S78)",100,100,5,5,20235448,443240,""
1,JoinKeyValue,23:36:19,0.042,"Product, Style => Inner(key_value)",100,100,5,6,443240,443240,""
1,AddColumn,23:36:19,0.015,"Quantity, Unit_Price => Multiply(Amount)",100,100,6,7,62000,62000,""
1,Filter,23:36:19,0,"Amount:Float(>100000)",100,100,7,7,62000,560,""
1,AppendCsv,23:36:19,0,"Outbox/PeakGo-Detail-Result-87M_Fact.csv",100,1,7,7,560,560,""
1,Group_By,23:36:19,0,"Shop, Product => Count() Sum(Quantity) Sum(Amount)",100,1,7,5,560,26,""
2,Read_CSV,23:36:19,0.165,"Inbox\87M_Fact.csv",100,100,5,5,0,0,""
2,Filter,23:36:20,0.839,"Shop(S77..S78)",100,100,5,5,20235448,443240,""
2,JoinKeyValue,23:36:20,0.051,"Product, Style => Inner(key_value)",100,100,5,6,443240,443240,""
2,AddColumn,23:36:21,0.01,"Quantity, Unit_Price => Multiply(Amount)",100,100,6,7,62000,62000,""
2,Filter,23:36:21,0,"Amount:Float(>100000)",100,100,7,7,62000,560,""
2,AppendCsv,23:36:21,0,"Outbox/PeakGo-Detail-Result-87M_Fact.csv",100,1,7,7,560,560,""
2,Group_By,23:36:21,0,"Shop, Product => Count() Sum(Quantity) Sum(Amount)",100,1,7,5,560,26,""
3,Read_CSV,23:36:21,0.172,"Inbox\87M_Fact.csv",100,100,5,5,0,0,""
3,Filter,23:36:21,0.851,"Shop(S77..S78)",100,100,5,5,20235452,465402,""
3,JoinKeyValue,23:36:22,0.036,"Product, Style => Inner(key_value)",100,100,5,6,465402,465402,""
3,AddColumn,23:36:22,0.02,"Quantity, Unit_Price => Multiply(Amount)",100,100,6,7,65100,65100,""
3,Filter,23:36:22,0,"Amount:Float(>100000)",100,100,7,7,65100,588,""
3,AppendCsv,23:36:22,0,"Outbox/PeakGo-Detail-Result-87M_Fact.csv",100,1,7,7,588,588,""
3,Group_By,23:36:22,0.01,"Shop, Product => Count() Sum(Quantity) Sum(Amount)",100,1,7,5,588,26,""
4,Read_CSV,23:36:22,0.048,"Inbox\87M_Fact.csv",30,30,5,5,0,0,""
4,Filter,23:36:22,0.255,"Shop(S77..S78)",30,30,5,5,6058186,132972,""
4,JoinKeyValue,23:36:22,0.014,"Product, Style => Inner(key_value)",30,30,5,6,132972,132972,""
4,AddColumn,23:36:22,0.004,"Quantity, Unit_Price => Multiply(Amount)",30,30,6,7,18600,18600,""
4,Filter,23:36:22,0.002,"Amount:Float(>100000)",30,30,7,7,18600,168,""
4,AppendCsv,23:36:22,0.001,"Outbox/PeakGo-Detail-Result-87M_Fact.csv",30,1,7,7,168,168,""
4,Group_By,23:36:22,0,"Shop, Product => Count() Sum(Quantity) Sum(Amount)",30,1,7,5,168,26,""
0,Final_Group_By,23:36:22,0.001,"Shop, Product => Sum(Count) Sum(Quantity) Sum(Amount)",5,1,5,5,130,26,""
0,Write_CSV,23:36:22,0,"Outbox/Peakgo-Summary-Result-87M_Fact.csv",1,1,5,5,26,26,""
