Batch,Command,Start Time,Second,Command Setting,S Partition,E Partition,S Column,E Column,S Row,E Row,Error Message
0,Get_CSV_Partition_Address,23:32:09,0.002,"Inbox/Master.csv",0,1,0,3,0,0,""
0,Read_CSV,23:32:09,0,"Inbox/Master.csv",1,1,3,3,0,0,""
0,Filter,23:32:09,0.001,"Style(=F)",1,1,3,3,7200,900,""
0,Build_Key_Value,23:32:09,0.001,"Product, Style => Table(key_value)",1,1,3,3,900,900,""
0,Get_CSV_Partition_Address,23:32:09,0.008,"Inbox/77M_Fact.csv",0,381,0,5,0,0,""
0,Read_CSV,23:32:09,0.264,"Inbox/77M_Fact.csv",100,100,5,5,0,0,""
0,Filter,23:32:09,0.817,"Shop(S77..S78)",100,100,5,5,20235466,443240,""
0,Join_Key_Value,23:32:10,0.058,"Product, Style => Inner(key_value)",100,100,5,6,443240,62000,""
0,Add_Column,23:32:10,0.014,"Quantity, Unit_Price => Multiply(Amount)",100,100,6,7,62000,62000,""
0,Filter,23:32:10,0.004,"Amount:Float(>100000)",100,100,7,7,62000,560,""
0,Append_CSV,23:32:10,0,"Outbox/Peakrs-Detail-Result-77M_Fact.csv",100,1,7,7,560,560,""
0,Group_By,23:32:10,0.004,"Shop, Product => Count() Sum(Quantity) Sum(Amount)",100,1,7,5,560,26,""
1,Read_CSV,23:32:10,0.281,"Inbox/77M_Fact.csv",100,100,5,5,0,0,""
1,Filter,23:32:10,0.845,"Shop(S77..S78)",100,100,5,5,20235448,443240,""
1,Join_Key_Value,23:32:11,0.034,"Product, Style => Inner(key_value)",100,100,5,6,443240,62000,""
1,Add_Column,23:32:11,0.011,"Quantity, Unit_Price => Multiply(Amount)",100,100,6,7,62000,62000,""
1,Filter,23:32:11,0.004,"Amount:Float(>100000)",100,100,7,7,62000,560,""
1,Append_CSV,23:32:11,0,"Outbox/Peakrs-Detail-Result-77M_Fact.csv",100,1,7,7,560,560,""
1,Group_By,23:32:11,0.006,"Shop, Product => Count() Sum(Quantity) Sum(Amount)",100,1,7,5,560,26,""
2,Read_CSV,23:32:11,0.3,"Inbox/77M_Fact.csv",100,100,5,5,0,0,""
2,Filter,23:32:12,0.806,"Shop(S77..S78)",100,100,5,5,20235448,443240,""
2,Join_Key_Value,23:32:12,0.036,"Product, Style => Inner(key_value)",100,100,5,6,443240,62000,""
2,Add_Column,23:32:13,0.022,"Quantity, Unit_Price => Multiply(Amount)",100,100,6,7,62000,62000,""
2,Filter,23:32:13,0.005,"Amount:Float(>100000)",100,100,7,7,62000,560,""
2,Append_CSV,23:32:13,0,"Outbox/Peakrs-Detail-Result-77M_Fact.csv",100,1,7,7,560,560,""
2,Group_By,23:32:13,0.006,"Shop, Product => Count() Sum(Quantity) Sum(Amount)",100,1,7,5,560,26,""
3,Read_CSV,23:32:13,0.198,"Inbox/77M_Fact.csv",81,81,5,5,0,0,""
3,Filter,23:32:13,0.668,"Shop(S77..S78)",81,81,5,5,16293638,376754,""
3,Join_Key_Value,23:32:13,0.041,"Product, Style => Inner(key_value)",81,81,5,6,376754,52700,""
3,Add_Column,23:32:14,0.012,"Quantity, Unit_Price => Multiply(Amount)",81,81,6,7,52700,52700,""
3,Filter,23:32:14,0.004,"Amount:Float(>100000)",81,81,7,7,52700,476,""
3,Append_CSV,23:32:14,0,"Outbox/Peakrs-Detail-Result-77M_Fact.csv",81,1,7,7,476,476,""
3,Group_By,23:32:14,0.005,"Shop, Product => Count() Sum(Quantity) Sum(Amount)",81,1,7,5,476,26,""
0,Final_Group_By,23:32:14,0,"Shop, Product => Sum(Count) Sum(Quantity) Sum(Amount)",4,1,5,5,104,26,""
0,Write_CSV,23:32:14,0,"Outbox/Peakrs-Summary-Result-77M_Fact.csv",1,1,5,5,26,26,""
