Batch,Command,Start Time,Second,Command Setting,S Partition,E Partition,S Column,E Column,S Row,E Row,Error Message
0,GetCsvPartitionAddress,23:32:14,0.003,"Inbox/Master.csv",0,1,0,3,0,0,""
0,Read_CSV,23:32:14,0,"Inbox/Master.csv",1,1,3,3,0,0,""
0,Filter,23:32:14,0.001,"Style(=F)",1,1,3,3,7200,900,""
0,Build_Key_Value,23:32:14,0.001,"Product, Style => Table(key_value)",1,1,3,3,900,900,""
0,GetCsvPartitionAddress,23:32:14,0.389,"Inbox\77M_Fact.csv",0,381,0,5,0,0,""
0,Read_CSV,23:32:14,0.306,"Inbox\77M_Fact.csv",100,100,5,5,0,0,""
0,Filter,23:32:14,0.997,"Shop(S77..S78)",100,100,5,5,20235466,443240,""
0,JoinKeyValue,23:32:15,0.036,"Product, Style => Inner(key_value)",100,100,5,6,443240,443240,""
0,AddColumn,23:32:15,0.01,"Quantity, Unit_Price => Multiply(Amount)",100,100,6,7,62000,62000,""
0,Filter,23:32:15,0.018,"Amount:Float(>100000)",100,100,7,7,62000,560,""
0,AppendCsv,23:32:15,0,"Outbox/PeakGo-Detail-Result-77M_Fact.csv",100,1,7,7,560,560,""
0,Group_By,23:32:15,0,"Shop, Product => Count() Sum(Quantity) Sum(Amount)",100,1,7,5,560,26,""
1,Read_CSV,23:32:15,0.197,"Inbox\77M_Fact.csv",100,100,5,5,0,0,""
1,Filter,23:32:16,0.836,"Shop(S77..S78)",100,100,5,5,20235448,443240,""
1,JoinKeyValue,23:32:16,0.034,"Product, Style => Inner(key_value)",100,100,5,6,443240,443240,""
1,AddColumn,23:32:16,0.01,"Quantity, Unit_Price => Multiply(Amount)",100,100,6,7,62000,62000,""
1,Filter,23:32:16,0.016,"Amount:Float(>100000)",100,100,7,7,62000,560,""
1,AppendCsv,23:32:16,0,"Outbox/PeakGo-Detail-Result-77M_Fact.csv",100,1,7,7,560,560,""
1,Group_By,23:32:16,0,"Shop, Product => Count() Sum(Quantity) Sum(Amount)",100,1,7,5,560,26,""
2,Read_CSV,23:32:16,0.186,"Inbox\77M_Fact.csv",100,100,5,5,0,0,""
2,Filter,23:32:17,0.828,"Shop(S77..S78)",100,100,5,5,20235448,443240,""
2,JoinKeyValue,23:32:17,0.035,"Product, Style => Inner(key_value)",100,100,5,6,443240,443240,""
2,AddColumn,23:32:17,0.022,"Quantity, Unit_Price => Multiply(Amount)",100,100,6,7,62000,62000,""
2,Filter,23:32:17,0,"Amount:Float(>100000)",100,100,7,7,62000,560,""
2,AppendCsv,23:32:17,0,"Outbox/PeakGo-Detail-Result-77M_Fact.csv",100,1,7,7,560,560,""
2,Group_By,23:32:17,0.01,"Shop, Product => Count() Sum(Quantity) Sum(Amount)",100,1,7,5,560,26,""
3,Read_CSV,23:32:18,0.128,"Inbox\77M_Fact.csv",81,81,5,5,0,0,""
3,Filter,23:32:18,0.687,"Shop(S77..S78)",81,81,5,5,16293638,376754,""
3,JoinKeyValue,23:32:18,0.036,"Product, Style => Inner(key_value)",81,81,5,6,376754,376754,""
3,AddColumn,23:32:18,0.009,"Quantity, Unit_Price => Multiply(Amount)",81,81,6,7,52700,52700,""
3,Filter,23:32:18,0.006,"Amount:Float(>100000)",81,81,7,7,52700,476,""
3,AppendCsv,23:32:18,0,"Outbox/PeakGo-Detail-Result-77M_Fact.csv",81,1,7,7,476,476,""
3,Group_By,23:32:18,0,"Shop, Product => Count() Sum(Quantity) Sum(Amount)",81,1,7,5,476,26,""
0,Final_Group_By,23:32:18,0,"Shop, Product => Sum(Count) Sum(Quantity) Sum(Amount)",4,1,5,5,104,26,""
0,Write_CSV,23:32:18,0,"Outbox/Peakgo-Summary-Result-77M_Fact.csv",1,1,5,5,26,26,""
