Batch,Command,Start Time,Second,Command Setting,S Partition,E Partition,S Column,E Column,S Row,E Row,Error Message
0,Get_CSV_Partition_Address,23:21:57,0.001,"Inbox/Master.csv",0,1,0,3,0,0,""
0,Read_CSV,23:21:57,0,"Inbox/Master.csv",1,1,3,3,0,0,""
0,Filter,23:21:57,0.001,"Style(=F)",1,1,3,3,7200,900,""
0,Build_Key_Value,23:21:57,0,"Product, Style => Table(key_value)",1,1,3,3,900,900,""
0,Get_CSV_Partition_Address,23:21:57,0.005,"Inbox/43M_Fact.csv",0,213,0,5,0,0,""
0,Read_CSV,23:21:57,0.212,"Inbox/43M_Fact.csv",100,100,5,5,0,0,""
0,Filter,23:21:57,0.798,"Shop(S77..S78)",100,100,5,5,20235466,443240,""
0,Join_Key_Value,23:21:58,0.046,"Product, Style => Inner(key_value)",100,100,5,6,443240,62000,""
0,Add_Column,23:21:58,0.015,"Quantity, Unit_Price => Multiply(Amount)",100,100,6,7,62000,62000,""
0,Filter,23:21:58,0.005,"Amount:Float(>100000)",100,100,7,7,62000,560,""
0,Append_CSV,23:21:58,0,"Outbox/Peakrs-Detail-Result-43M_Fact.csv",100,1,7,7,560,560,""
0,Group_By,23:21:58,0.006,"Shop, Product => Count() Sum(Quantity) Sum(Amount)",100,1,7,5,560,26,""
1,Read_CSV,23:21:58,0.242,"Inbox/43M_Fact.csv",100,100,5,5,0,0,""
1,Filter,23:21:58,0.771,"Shop(S77..S78)",100,100,5,5,20235448,443240,""
1,Join_Key_Value,23:21:59,0.046,"Product, Style => Inner(key_value)",100,100,5,6,443240,62000,""
1,Add_Column,23:21:59,0.017,"Quantity, Unit_Price => Multiply(Amount)",100,100,6,7,62000,62000,""
1,Filter,23:21:59,0.004,"Amount:Float(>100000)",100,100,7,7,62000,560,""
1,Append_CSV,23:21:59,0,"Outbox/Peakrs-Detail-Result-43M_Fact.csv",100,1,7,7,560,560,""
1,Group_By,23:21:59,0.003,"Shop, Product => Count() Sum(Quantity) Sum(Amount)",100,1,7,5,560,26,""
2,Read_CSV,23:21:59,0.056,"Inbox/43M_Fact.csv",13,13,5,5,0,0,""
2,Filter,23:21:59,0.108,"Shop(S77..S78)",13,13,5,5,2529086,66486,""
2,Join_Key_Value,23:21:59,0.009,"Product, Style => Inner(key_value)",13,13,5,6,66486,9300,""
2,Add_Column,23:21:59,0.002,"Quantity, Unit_Price => Multiply(Amount)",13,13,6,7,9300,9300,""
2,Filter,23:21:59,0.001,"Amount:Float(>100000)",13,13,7,7,9300,84,""
2,Append_CSV,23:21:59,0,"Outbox/Peakrs-Detail-Result-43M_Fact.csv",13,1,7,7,84,84,""
2,Group_By,23:21:59,0.003,"Shop, Product => Count() Sum(Quantity) Sum(Amount)",13,1,7,5,84,26,""
0,Final_Group_By,23:21:59,0,"Shop, Product => Sum(Count) Sum(Quantity) Sum(Amount)",3,1,5,5,78,26,""
0,Write_CSV,23:21:59,0,"Outbox/Peakrs-Summary-Result-43M_Fact.csv",1,1,5,5,26,26,""
