Batch,Command,Start Time,Second,Command Setting,S Partition,E Partition,S Column,E Column,S Row,E Row,Error Message
0,Get_CSV_Partition_Address,23:18:29,0,"Inbox/Master.csv",0,1,0,3,0,0,""
0,Read_CSV,23:18:29,0,"Inbox/Master.csv",1,1,3,3,0,0,""
0,Filter,23:18:29,0.001,"Style(=F)",1,1,3,3,7200,900,""
0,Build_Key_Value,23:18:29,0.001,"Product, Style => Table(key_value)",1,1,3,3,900,900,""
0,Get_CSV_Partition_Address,23:18:29,0.003,"Inbox/23M_Fact.csv",0,114,0,5,0,0,""
0,Read_CSV,23:18:29,0.22,"Inbox/23M_Fact.csv",100,100,5,5,0,0,""
0,Filter,23:18:29,0.838,"Shop(S77..S78)",100,100,5,5,20235466,443240,""
0,Join_Key_Value,23:18:30,0.044,"Product, Style => Inner(key_value)",100,100,5,6,443240,62000,""
0,Add_Column,23:18:30,0.012,"Quantity, Unit_Price => Multiply(Amount)",100,100,6,7,62000,62000,""
0,Filter,23:18:30,0.004,"Amount:Float(>100000)",100,100,7,7,62000,560,""
0,Append_CSV,23:18:30,0,"Outbox/Peakrs-Detail-Result-23M_Fact.csv",100,1,7,7,560,560,""
0,Group_By,23:18:30,0.004,"Shop, Product => Count() Sum(Quantity) Sum(Amount)",100,1,7,5,560,26,""
1,Read_CSV,23:18:30,0.037,"Inbox/23M_Fact.csv",14,14,5,5,0,0,""
1,Filter,23:18:30,0.124,"Shop(S77..S78)",14,14,5,5,2764534,66486,""
1,Join_Key_Value,23:18:30,0.009,"Product, Style => Inner(key_value)",14,14,5,6,66486,9300,""
1,Add_Column,23:18:30,0.003,"Quantity, Unit_Price => Multiply(Amount)",14,14,6,7,9300,9300,""
1,Filter,23:18:30,0.001,"Amount:Float(>100000)",14,14,7,7,9300,84,""
1,Append_CSV,23:18:30,0,"Outbox/Peakrs-Detail-Result-23M_Fact.csv",14,1,7,7,84,84,""
1,Group_By,23:18:30,0.003,"Shop, Product => Count() Sum(Quantity) Sum(Amount)",14,1,7,5,84,26,""
0,Final_Group_By,23:18:30,0,"Shop, Product => Sum(Count) Sum(Quantity) Sum(Amount)",2,1,5,5,52,26,""
0,Write_CSV,23:18:30,0,"Outbox/Peakrs-Summary-Result-23M_Fact.csv",1,1,5,5,26,26,""
