Batch,Command,Start Time,Second,Command Setting,S Partition,E Partition,S Column,E Column,S Row,E Row,Error Message
0,GetCsvPartitionAddress,22:39:23,0.002,"Inbox/Master.csv",0,1,0,3,0,0,""
0,Read_CSV,22:39:23,0,"Inbox/Master.csv",1,1,3,3,0,0,""
0,Filter,22:39:23,0.001,"Style(=F)",1,1,3,3,7200,900,""
0,Build_Key_Value,22:39:23,0.002,"Product, Style => Table(key_value)",1,1,3,3,900,900,""
0,GetCsvPartitionAddress,22:39:23,0.115,"Inbox\40M_Fact.csv",0,198,0,5,0,0,""
0,Read_CSV,22:39:24,0.241,"Inbox\40M_Fact.csv",100,100,5,5,0,0,""
0,Filter,22:39:24,0.342,"Shop(S77..S78)",100,100,5,5,20235466,443240,""
0,JoinKeyValue,22:39:24,0.013,"Product, Style => Inner(key_value)",100,100,5,6,443240,443240,""
0,AddColumn,22:39:24,0.005,"Quantity, Unit_Price => Multiply(Amount)",100,100,6,7,62000,62000,""
0,Filter,22:39:24,0.002,"Amount:Float(>100000)",100,100,7,7,62000,560,""
0,AppendCsv,22:39:24,0.001,"Outbox/PeakGo-Detail-Result-40M_Fact.csv",100,1,7,7,560,560,""
0,Group_By,22:39:24,0.001,"Shop, Product => Count() Sum(Quantity) Sum(Amount)",100,1,7,5,560,26,""
1,Read_CSV,22:39:24,0.129,"Inbox\40M_Fact.csv",98,98,5,5,0,0,""
1,Filter,22:39:24,0.271,"Shop(S77..S78)",98,98,5,5,19764534,443240,""
1,JoinKeyValue,22:39:25,0.011,"Product, Style => Inner(key_value)",98,98,5,6,443240,443240,""
1,AddColumn,22:39:25,0.006,"Quantity, Unit_Price => Multiply(Amount)",98,98,6,7,62000,62000,""
1,Filter,22:39:25,0,"Amount:Float(>100000)",98,98,7,7,62000,560,""
1,AppendCsv,22:39:25,0,"Outbox/PeakGo-Detail-Result-40M_Fact.csv",98,1,7,7,560,560,""
1,Group_By,22:39:25,0.005,"Shop, Product => Count() Sum(Quantity) Sum(Amount)",98,1,7,5,560,26,""
0,Final_Group_By,22:39:25,0,"Shop, Product => Sum(Count) Sum(Quantity) Sum(Amount)",2,1,5,5,52,26,""
0,Write_CSV,22:39:25,0,"Outbox/Peakgo-Summary-Result-40M_Fact.csv",1,1,5,5,26,26,""
