Batch,Command,Start Time,Second,Command Setting,S Partition,E Partition,S Column,E Column,S Row,E Row,Error Message
0,Get_CSV_Partition_Address,22:37:14,0,"Inbox/Master.csv",0,1,0,3,0,0,""
0,Read_CSV,22:37:14,0,"Inbox/Master.csv",1,1,3,3,0,0,""
0,Filter,22:37:14,0.001,"Style(=F)",1,1,3,3,7200,900,""
0,Build_Key_Value,22:37:14,0,"Product, Style => Table(key_value)",1,1,3,3,900,900,""
0,Get_CSV_Partition_Address,22:37:14,0.004,"Inbox/14M_Fact.csv",0,346,0,5,0,0,""
0,Read_CSV,22:37:14,0.044,"Inbox/14M_Fact.csv",100,100,5,5,0,0,""
0,Filter,22:37:14,0.058,"Shop(S77..S78)",100,100,5,5,4047094,88648,""
0,Join_Key_Value,22:37:14,0.012,"Product, Style => Inner(key_value)",100,100,5,6,88648,12400,""
0,Add_Column,22:37:14,0.003,"Quantity, Unit_Price => Multiply(Amount)",100,100,6,7,12400,12400,""
0,Filter,22:37:14,0.004,"Amount:Float(>100000)",100,100,7,7,12400,112,""
0,Append_CSV,22:37:14,0,"Outbox/Peakrs-Detail-Result-14M_Fact.csv",100,1,7,7,112,112,""
0,Group_By,22:37:14,0.004,"Shop, Product => Count() Sum(Quantity) Sum(Amount)",100,1,7,5,112,26,""
1,Read_CSV,22:37:14,0.042,"Inbox/14M_Fact.csv",100,100,5,5,0,0,""
1,Filter,22:37:14,0.057,"Shop(S77..S78)",100,100,5,5,4047092,88648,""
1,Join_Key_Value,22:37:14,0.009,"Product, Style => Inner(key_value)",100,100,5,6,88648,12400,""
1,Add_Column,22:37:14,0.013,"Quantity, Unit_Price => Multiply(Amount)",100,100,6,7,12400,12400,""
1,Filter,22:37:14,0.003,"Amount:Float(>100000)",100,100,7,7,12400,112,""
1,Append_CSV,22:37:14,0,"Outbox/Peakrs-Detail-Result-14M_Fact.csv",100,1,7,7,112,112,""
1,Group_By,22:37:14,0.005,"Shop, Product => Count() Sum(Quantity) Sum(Amount)",100,1,7,5,112,26,""
2,Read_CSV,22:37:14,0.039,"Inbox/14M_Fact.csv",100,100,5,5,0,0,""
2,Filter,22:37:14,0.057,"Shop(S77..S78)",100,100,5,5,4047095,88648,""
2,Join_Key_Value,22:37:14,0.012,"Product, Style => Inner(key_value)",100,100,5,6,88648,12400,""
2,Add_Column,22:37:14,0.004,"Quantity, Unit_Price => Multiply(Amount)",100,100,6,7,12400,12400,""
2,Filter,22:37:14,0.003,"Amount:Float(>100000)",100,100,7,7,12400,112,""
2,Append_CSV,22:37:14,0,"Outbox/Peakrs-Detail-Result-14M_Fact.csv",100,1,7,7,112,112,""
2,Group_By,22:37:14,0.004,"Shop, Product => Count() Sum(Quantity) Sum(Amount)",100,1,7,5,112,26,""
3,Read_CSV,22:37:14,0.019,"Inbox/14M_Fact.csv",46,46,5,5,0,0,""
3,Filter,22:37:15,0.026,"Shop(S77..S78)",46,46,5,5,1858719,44324,""
3,Join_Key_Value,22:37:15,0.008,"Product, Style => Inner(key_value)",46,46,5,6,44324,6200,""
3,Add_Column,22:37:15,0.002,"Quantity, Unit_Price => Multiply(Amount)",46,46,6,7,6200,6200,""
3,Filter,22:37:15,0.001,"Amount:Float(>100000)",46,46,7,7,6200,56,""
3,Append_CSV,22:37:15,0,"Outbox/Peakrs-Detail-Result-14M_Fact.csv",46,1,7,7,56,56,""
3,Group_By,22:37:15,0.004,"Shop, Product => Count() Sum(Quantity) Sum(Amount)",46,1,7,5,56,26,""
0,Final_Group_By,22:37:15,0,"Shop, Product => Sum(Count) Sum(Quantity) Sum(Amount)",4,1,5,5,104,26,""
0,Write_CSV,22:37:15,0,"Outbox/Peakrs-Summary-Result-14M_Fact.csv",1,1,5,5,26,26,""
