Batch,Command,Start Time,Second,Command Setting,S Partition,E Partition,S Column,E Column,S Row,E Row,Error Message
0,GetCsvPartitionAddress,22:37:38,0.003,"Inbox/Master.csv",0,1,0,3,0,0,""
0,Read_CSV,22:37:38,0.001,"Inbox/Master.csv",1,1,3,3,0,0,""
0,Filter,22:37:38,0.001,"Style(=F)",1,1,3,3,7200,900,""
0,Build_Key_Value,22:37:38,0.002,"Product, Style => Table(key_value)",1,1,3,3,900,900,""
0,GetCsvPartitionAddress,22:37:38,0.479,"Inbox\20M_Fact.csv",0,495,0,5,0,0,""
0,Read_CSV,22:37:39,0.105,"Inbox\20M_Fact.csv",100,100,5,5,0,0,""
0,Filter,22:37:39,0.089,"Shop(S77..S78)",100,100,5,5,4047094,88648,""
0,JoinKeyValue,22:37:39,0.012,"Product, Style => Inner(key_value)",100,100,5,6,88648,88648,""
0,AddColumn,22:37:39,0.003,"Quantity, Unit_Price => Multiply(Amount)",100,100,6,7,12400,12400,""
0,Filter,22:37:39,0.001,"Amount:Float(>100000)",100,100,7,7,12400,112,""
0,AppendCsv,22:37:39,0.001,"Outbox/PeakGo-Detail-Result-20M_Fact.csv",100,1,7,7,112,112,""
0,Group_By,22:37:39,0.001,"Shop, Product => Count() Sum(Quantity) Sum(Amount)",100,1,7,5,112,26,""
1,Read_CSV,22:37:39,0.064,"Inbox\20M_Fact.csv",100,100,5,5,0,0,""
1,Filter,22:37:39,0.09,"Shop(S77..S78)",100,100,5,5,4047092,88648,""
1,JoinKeyValue,22:37:39,0.008,"Product, Style => Inner(key_value)",100,100,5,6,88648,88648,""
1,AddColumn,22:37:39,0.003,"Quantity, Unit_Price => Multiply(Amount)",100,100,6,7,12400,12400,""
1,Filter,22:37:39,0.001,"Amount:Float(>100000)",100,100,7,7,12400,112,""
1,AppendCsv,22:37:39,0.001,"Outbox/PeakGo-Detail-Result-20M_Fact.csv",100,1,7,7,112,112,""
1,Group_By,22:37:39,0.001,"Shop, Product => Count() Sum(Quantity) Sum(Amount)",100,1,7,5,112,26,""
2,Read_CSV,22:37:39,0.058,"Inbox\20M_Fact.csv",100,100,5,5,0,0,""
2,Filter,22:37:39,0.087,"Shop(S77..S78)",100,100,5,5,4047095,88648,""
2,JoinKeyValue,22:37:39,0.012,"Product, Style => Inner(key_value)",100,100,5,6,88648,88648,""
2,AddColumn,22:37:39,0.003,"Quantity, Unit_Price => Multiply(Amount)",100,100,6,7,12400,12400,""
2,Filter,22:37:39,0.004,"Amount:Float(>100000)",100,100,7,7,12400,112,""
2,AppendCsv,22:37:39,0,"Outbox/PeakGo-Detail-Result-20M_Fact.csv",100,1,7,7,112,112,""
2,Group_By,22:37:39,0.001,"Shop, Product => Count() Sum(Quantity) Sum(Amount)",100,1,7,5,112,26,""
3,Read_CSV,22:37:39,0.062,"Inbox\20M_Fact.csv",100,100,5,5,0,0,""
3,Filter,22:37:39,0.088,"Shop(S77..S78)",100,100,5,5,4047093,88648,""
3,JoinKeyValue,22:37:40,0.008,"Product, Style => Inner(key_value)",100,100,5,6,88648,88648,""
3,AddColumn,22:37:40,0.002,"Quantity, Unit_Price => Multiply(Amount)",100,100,6,7,12400,12400,""
3,Filter,22:37:40,0.001,"Amount:Float(>100000)",100,100,7,7,12400,112,""
3,AppendCsv,22:37:40,0,"Outbox/PeakGo-Detail-Result-20M_Fact.csv",100,1,7,7,112,112,""
3,Group_By,22:37:40,0.001,"Shop, Product => Count() Sum(Quantity) Sum(Amount)",100,1,7,5,112,26,""
4,Read_CSV,22:37:40,0.055,"Inbox\20M_Fact.csv",95,95,5,5,0,0,""
4,Filter,22:37:40,0.085,"Shop(S77..S78)",95,95,5,5,3811626,88648,""
4,JoinKeyValue,22:37:40,0.01,"Product, Style => Inner(key_value)",95,95,5,6,88648,88648,""
4,AddColumn,22:37:40,0.002,"Quantity, Unit_Price => Multiply(Amount)",95,95,6,7,12400,12400,""
4,Filter,22:37:40,0.002,"Amount:Float(>100000)",95,95,7,7,12400,112,""
4,AppendCsv,22:37:40,0,"Outbox/PeakGo-Detail-Result-20M_Fact.csv",95,1,7,7,112,112,""
4,Group_By,22:37:40,0.001,"Shop, Product => Count() Sum(Quantity) Sum(Amount)",95,1,7,5,112,26,""
0,Final_Group_By,22:37:40,0,"Shop, Product => Sum(Count) Sum(Quantity) Sum(Amount)",5,1,5,5,130,26,""
0,Write_CSV,22:37:40,0.002,"Outbox/Peakgo-Summary-Result-20M_Fact.csv",1,1,5,5,26,26,""
