Batch,Command,Start Time,Second,Command Setting,S Partition,E Partition,S Column,E Column,S Row,E Row,Error Message
0,GetCsvPartitionAddress,23:18:01,0.003,"Inbox/Master.csv",0,1,0,3,0,0,""
0,Read_CSV,23:18:01,0,"Inbox/Master.csv",1,1,3,3,0,0,""
0,Filter,23:18:01,0.001,"Style(=F)",1,1,3,3,7200,900,""
0,Build_Key_Value,23:18:01,0.001,"Product, Style => Table(key_value)",1,1,3,3,900,900,""
0,GetCsvPartitionAddress,23:18:01,0.492,"Inbox\19M_Fact.csv",0,470,0,5,0,0,""
0,Read_CSV,23:18:02,0.087,"Inbox\19M_Fact.csv",100,100,5,5,0,0,""
0,Filter,23:18:02,0.193,"Shop(S77..S78)",100,100,5,5,4047094,88648,""
0,JoinKeyValue,23:18:02,0.013,"Product, Style => Inner(key_value)",100,100,5,6,88648,88648,""
0,AddColumn,23:18:02,0.004,"Quantity, Unit_Price => Multiply(Amount)",100,100,6,7,12400,12400,""
0,Filter,23:18:02,0.002,"Amount:Float(>100000)",100,100,7,7,12400,112,""
0,AppendCsv,23:18:02,0.001,"Outbox/PeakGo-Detail-Result-19M_Fact.csv",100,1,7,7,112,112,""
0,Group_By,23:18:02,0.001,"Shop, Product => Count() Sum(Quantity) Sum(Amount)",100,1,7,5,112,26,""
1,Read_CSV,23:18:02,0.041,"Inbox\19M_Fact.csv",100,100,5,5,0,0,""
1,Filter,23:18:02,0.198,"Shop(S77..S78)",100,100,5,5,4047092,88648,""
1,JoinKeyValue,23:18:02,0.013,"Product, Style => Inner(key_value)",100,100,5,6,88648,88648,""
1,AddColumn,23:18:02,0.004,"Quantity, Unit_Price => Multiply(Amount)",100,100,6,7,12400,12400,""
1,Filter,23:18:02,0.001,"Amount:Float(>100000)",100,100,7,7,12400,112,""
1,AppendCsv,23:18:02,0,"Outbox/PeakGo-Detail-Result-19M_Fact.csv",100,1,7,7,112,112,""
1,Group_By,23:18:02,0.001,"Shop, Product => Count() Sum(Quantity) Sum(Amount)",100,1,7,5,112,26,""
2,Read_CSV,23:18:02,0.042,"Inbox\19M_Fact.csv",100,100,5,5,0,0,""
2,Filter,23:18:02,0.182,"Shop(S77..S78)",100,100,5,5,4047095,88648,""
2,JoinKeyValue,23:18:02,0.012,"Product, Style => Inner(key_value)",100,100,5,6,88648,88648,""
2,AddColumn,23:18:02,0.002,"Quantity, Unit_Price => Multiply(Amount)",100,100,6,7,12400,12400,""
2,Filter,23:18:02,0,"Amount:Float(>100000)",100,100,7,7,12400,112,""
2,AppendCsv,23:18:02,0,"Outbox/PeakGo-Detail-Result-19M_Fact.csv",100,1,7,7,112,112,""
2,Group_By,23:18:02,0,"Shop, Product => Count() Sum(Quantity) Sum(Amount)",100,1,7,5,112,26,""
3,Read_CSV,23:18:02,0.029,"Inbox\19M_Fact.csv",100,100,5,5,0,0,""
3,Filter,23:18:02,0.183,"Shop(S77..S78)",100,100,5,5,4047093,88648,""
3,JoinKeyValue,23:18:03,0.011,"Product, Style => Inner(key_value)",100,100,5,6,88648,88648,""
3,AddColumn,23:18:03,0,"Quantity, Unit_Price => Multiply(Amount)",100,100,6,7,12400,12400,""
3,Filter,23:18:03,0,"Amount:Float(>100000)",100,100,7,7,12400,112,""
3,AppendCsv,23:18:03,0,"Outbox/PeakGo-Detail-Result-19M_Fact.csv",100,1,7,7,112,112,""
3,Group_By,23:18:03,0,"Shop, Product => Count() Sum(Quantity) Sum(Amount)",100,1,7,5,112,26,""
4,Read_CSV,23:18:03,0.03,"Inbox\19M_Fact.csv",70,70,5,5,0,0,""
4,Filter,23:18:03,0.129,"Shop(S77..S78)",70,70,5,5,2811626,66486,""
4,JoinKeyValue,23:18:03,0.011,"Product, Style => Inner(key_value)",70,70,5,6,66486,66486,""
4,AddColumn,23:18:03,0.003,"Quantity, Unit_Price => Multiply(Amount)",70,70,6,7,9300,9300,""
4,Filter,23:18:03,0.002,"Amount:Float(>100000)",70,70,7,7,9300,84,""
4,AppendCsv,23:18:03,0.001,"Outbox/PeakGo-Detail-Result-19M_Fact.csv",70,1,7,7,84,84,""
4,Group_By,23:18:03,0.001,"Shop, Product => Count() Sum(Quantity) Sum(Amount)",70,1,7,5,84,26,""
0,Final_Group_By,23:18:03,0,"Shop, Product => Sum(Count) Sum(Quantity) Sum(Amount)",5,1,5,5,130,26,""
0,Write_CSV,23:18:03,0.001,"Outbox/Peakgo-Summary-Result-19M_Fact.csv",1,1,5,5,26,26,""
