Batch,Command,Start Time,Second,Command Setting,S Partition,E Partition,S Column,E Column,S Row,E Row,Error Message
0,GetCsvPartitionAddress,23:37:09,0.003,"Inbox/Master.csv",0,1,0,3,0,0,""
0,Read_CSV,23:37:09,0,"Inbox/Master.csv",1,1,3,3,0,0,""
0,Filter,23:37:09,0.001,"Style(=F)",1,1,3,3,7200,900,""
0,Build_Key_Value,23:37:09,0.001,"Product, Style => Table(key_value)",1,1,3,3,900,900,""
0,GetCsvPartitionAddress,23:37:09,0.408,"Inbox\89M_Fact.csv",0,440,0,5,0,0,""
0,Read_CSV,23:37:09,0.306,"Inbox\89M_Fact.csv",100,100,5,5,0,0,""
0,Filter,23:37:09,0.976,"Shop(S77..S78)",100,100,5,5,20235466,443240,""
0,JoinKeyValue,23:37:10,0.046,"Product, Style => Inner(key_value)",100,100,5,6,443240,443240,""
0,AddColumn,23:37:10,0.012,"Quantity, Unit_Price => Multiply(Amount)",100,100,6,7,62000,62000,""
0,Filter,23:37:10,0,"Amount:Float(>100000)",100,100,7,7,62000,560,""
0,AppendCsv,23:37:10,0,"Outbox/PeakGo-Detail-Result-89M_Fact.csv",100,1,7,7,560,560,""
0,Group_By,23:37:10,0,"Shop, Product => Count() Sum(Quantity) Sum(Amount)",100,1,7,5,560,26,""
1,Read_CSV,23:37:10,0.161,"Inbox\89M_Fact.csv",100,100,5,5,0,0,""
1,Filter,23:37:11,0.832,"Shop(S77..S78)",100,100,5,5,20235448,443240,""
1,JoinKeyValue,23:37:11,0.045,"Product, Style => Inner(key_value)",100,100,5,6,443240,443240,""
1,AddColumn,23:37:11,0.006,"Quantity, Unit_Price => Multiply(Amount)",100,100,6,7,62000,62000,""
1,Filter,23:37:11,0.01,"Amount:Float(>100000)",100,100,7,7,62000,560,""
1,AppendCsv,23:37:11,0,"Outbox/PeakGo-Detail-Result-89M_Fact.csv",100,1,7,7,560,560,""
1,Group_By,23:37:11,0,"Shop, Product => Count() Sum(Quantity) Sum(Amount)",100,1,7,5,560,26,""
2,Read_CSV,23:37:11,0.225,"Inbox\89M_Fact.csv",100,100,5,5,0,0,""
2,Filter,23:37:12,0.856,"Shop(S77..S78)",100,100,5,5,20235448,443240,""
2,JoinKeyValue,23:37:13,0.046,"Product, Style => Inner(key_value)",100,100,5,6,443240,443240,""
2,AddColumn,23:37:13,0.012,"Quantity, Unit_Price => Multiply(Amount)",100,100,6,7,62000,62000,""
2,Filter,23:37:13,0,"Amount:Float(>100000)",100,100,7,7,62000,560,""
2,AppendCsv,23:37:13,0,"Outbox/PeakGo-Detail-Result-89M_Fact.csv",100,1,7,7,560,560,""
2,Group_By,23:37:13,0,"Shop, Product => Count() Sum(Quantity) Sum(Amount)",100,1,7,5,560,26,""
3,Read_CSV,23:37:13,0.149,"Inbox\89M_Fact.csv",100,100,5,5,0,0,""
3,Filter,23:37:13,0.847,"Shop(S77..S78)",100,100,5,5,20235452,465402,""
3,JoinKeyValue,23:37:14,0.048,"Product, Style => Inner(key_value)",100,100,5,6,465402,465402,""
3,AddColumn,23:37:14,0.017,"Quantity, Unit_Price => Multiply(Amount)",100,100,6,7,65100,65100,""
3,Filter,23:37:14,0.018,"Amount:Float(>100000)",100,100,7,7,65100,588,""
3,AppendCsv,23:37:14,0,"Outbox/PeakGo-Detail-Result-89M_Fact.csv",100,1,7,7,588,588,""
3,Group_By,23:37:14,0.002,"Shop, Product => Count() Sum(Quantity) Sum(Amount)",100,1,7,5,588,26,""
4,Read_CSV,23:37:14,0.068,"Inbox\89M_Fact.csv",40,40,5,5,0,0,""
4,Filter,23:37:14,0.341,"Shop(S77..S78)",40,40,5,5,8058186,177296,""
4,JoinKeyValue,23:37:14,0.026,"Product, Style => Inner(key_value)",40,40,5,6,177296,177296,""
4,AddColumn,23:37:14,0.008,"Quantity, Unit_Price => Multiply(Amount)",40,40,6,7,24800,24800,""
4,Filter,23:37:14,0,"Amount:Float(>100000)",40,40,7,7,24800,224,""
4,AppendCsv,23:37:14,0,"Outbox/PeakGo-Detail-Result-89M_Fact.csv",40,1,7,7,224,224,""
4,Group_By,23:37:14,0,"Shop, Product => Count() Sum(Quantity) Sum(Amount)",40,1,7,5,224,26,""
0,Final_Group_By,23:37:14,0,"Shop, Product => Sum(Count) Sum(Quantity) Sum(Amount)",5,1,5,5,130,26,""
0,Write_CSV,23:37:14,0,"Outbox/Peakgo-Summary-Result-89M_Fact.csv",1,1,5,5,26,26,""
