Batch,Command,Start Time,Second,Command Setting,S Partition,E Partition,S Column,E Column,S Row,E Row,Error Message
0,Get_CSV_Partition_Address,23:37:03,0,"Inbox/Master.csv",0,1,0,3,0,0,""
0,Read_CSV,23:37:03,0,"Inbox/Master.csv",1,1,3,3,0,0,""
0,Filter,23:37:03,0.001,"Style(=F)",1,1,3,3,7200,900,""
0,Build_Key_Value,23:37:03,0,"Product, Style => Table(key_value)",1,1,3,3,900,900,""
0,Get_CSV_Partition_Address,23:37:03,0.009,"Inbox/89M_Fact.csv",0,440,0,5,0,0,""
0,Read_CSV,23:37:03,0.239,"Inbox/89M_Fact.csv",100,100,5,5,0,0,""
0,Filter,23:37:04,0.83,"Shop(S77..S78)",100,100,5,5,20235466,443240,""
0,Join_Key_Value,23:37:04,0.057,"Product, Style => Inner(key_value)",100,100,5,6,443240,62000,""
0,Add_Column,23:37:04,0.014,"Quantity, Unit_Price => Multiply(Amount)",100,100,6,7,62000,62000,""
0,Filter,23:37:04,0.004,"Amount:Float(>100000)",100,100,7,7,62000,560,""
0,Append_CSV,23:37:04,0,"Outbox/Peakrs-Detail-Result-89M_Fact.csv",100,1,7,7,560,560,""
0,Group_By,23:37:04,0.004,"Shop, Product => Count() Sum(Quantity) Sum(Amount)",100,1,7,5,560,26,""
1,Read_CSV,23:37:04,0.246,"Inbox/89M_Fact.csv",100,100,5,5,0,0,""
1,Filter,23:37:05,0.792,"Shop(S77..S78)",100,100,5,5,20235448,443240,""
1,Join_Key_Value,23:37:06,0.033,"Product, Style => Inner(key_value)",100,100,5,6,443240,62000,""
1,Add_Column,23:37:06,0.011,"Quantity, Unit_Price => Multiply(Amount)",100,100,6,7,62000,62000,""
1,Filter,23:37:06,0.004,"Amount:Float(>100000)",100,100,7,7,62000,560,""
1,Append_CSV,23:37:06,0,"Outbox/Peakrs-Detail-Result-89M_Fact.csv",100,1,7,7,560,560,""
1,Group_By,23:37:06,0.004,"Shop, Product => Count() Sum(Quantity) Sum(Amount)",100,1,7,5,560,26,""
2,Read_CSV,23:37:06,0.258,"Inbox/89M_Fact.csv",100,100,5,5,0,0,""
2,Filter,23:37:06,0.831,"Shop(S77..S78)",100,100,5,5,20235448,443240,""
2,Join_Key_Value,23:37:07,0.043,"Product, Style => Inner(key_value)",100,100,5,6,443240,62000,""
2,Add_Column,23:37:07,0.014,"Quantity, Unit_Price => Multiply(Amount)",100,100,6,7,62000,62000,""
2,Filter,23:37:07,0.008,"Amount:Float(>100000)",100,100,7,7,62000,560,""
2,Append_CSV,23:37:07,0,"Outbox/Peakrs-Detail-Result-89M_Fact.csv",100,1,7,7,560,560,""
2,Group_By,23:37:07,0.006,"Shop, Product => Count() Sum(Quantity) Sum(Amount)",100,1,7,5,560,26,""
3,Read_CSV,23:37:07,0.243,"Inbox/89M_Fact.csv",100,100,5,5,0,0,""
3,Filter,23:37:07,0.807,"Shop(S77..S78)",100,100,5,5,20235452,465402,""
3,Join_Key_Value,23:37:08,0.046,"Product, Style => Inner(key_value)",100,100,5,6,465402,65100,""
3,Add_Column,23:37:08,0.016,"Quantity, Unit_Price => Multiply(Amount)",100,100,6,7,65100,65100,""
3,Filter,23:37:08,0.005,"Amount:Float(>100000)",100,100,7,7,65100,588,""
3,Append_CSV,23:37:08,0,"Outbox/Peakrs-Detail-Result-89M_Fact.csv",100,1,7,7,588,588,""
3,Group_By,23:37:08,0.005,"Shop, Product => Count() Sum(Quantity) Sum(Amount)",100,1,7,5,588,26,""
4,Read_CSV,23:37:08,0.104,"Inbox/89M_Fact.csv",40,40,5,5,0,0,""
4,Filter,23:37:08,0.366,"Shop(S77..S78)",40,40,5,5,8058186,177296,""
4,Join_Key_Value,23:37:09,0.015,"Product, Style => Inner(key_value)",40,40,5,6,177296,24800,""
4,Add_Column,23:37:09,0.004,"Quantity, Unit_Price => Multiply(Amount)",40,40,6,7,24800,24800,""
4,Filter,23:37:09,0.002,"Amount:Float(>100000)",40,40,7,7,24800,224,""
4,Append_CSV,23:37:09,0,"Outbox/Peakrs-Detail-Result-89M_Fact.csv",40,1,7,7,224,224,""
4,Group_By,23:37:09,0.005,"Shop, Product => Count() Sum(Quantity) Sum(Amount)",40,1,7,5,224,26,""
0,Final_Group_By,23:37:09,0,"Shop, Product => Sum(Count) Sum(Quantity) Sum(Amount)",5,1,5,5,130,26,""
0,Write_CSV,23:37:09,0,"Outbox/Peakrs-Summary-Result-89M_Fact.csv",1,1,5,5,26,26,""
